"filename", "language", "JSON", "PHP", "JavaScript", "HTML", "CSS", "Markdown", "C#", "XML", "Shell Script", "comment", "blank", "total"
"c:\Users\Tochi\Documents\webtoolsClone\webtools\.idea\.idea.webtools.dir\.idea\indexLayout.xml", "XML", 0, 0, 0, 0, 0, 0, 0, 8, 0, 0, 0, 8
"c:\Users\Tochi\Documents\webtoolsClone\webtools\.idea\.idea.webtools.dir\.idea\vcs.xml", "XML", 0, 0, 0, 0, 0, 0, 0, 6, 0, 0, 0, 6
"c:\Users\Tochi\Documents\webtoolsClone\webtools\@tochi\index.html", "HTML", 0, 0, 0, 14, 0, 0, 0, 0, 0, 0, 0, 14
"c:\Users\Tochi\Documents\webtoolsClone\webtools\@tochi\script.js", "JavaScript", 0, 0, 2, 0, 0, 0, 0, 0, 0, 0, 0, 2
"c:\Users\Tochi\Documents\webtoolsClone\webtools\@tochi\style.css", "CSS", 0, 0, 0, 0, 0, 0, 0, 0, 0, 0, 1, 1
"c:\Users\Tochi\Documents\webtoolsClone\webtools\GLTFLoader.js", "JavaScript", 0, 0, 2330, 0, 0, 0, 0, 0, 0, 348, 1757, 4435
"c:\Users\Tochi\Documents\webtoolsClone\webtools\README.md", "Markdown", 0, 0, 0, 0, 0, 1, 0, 0, 0, 0, 0, 1
"c:\Users\Tochi\Documents\webtoolsClone\webtools\about.php", "PHP", 0, 19, 0, 0, 0, 0, 0, 0, 0, 0, 0, 19
"c:\Users\Tochi\Documents\webtoolsClone\webtools\api\create\index.php", "PHP", 0, 146, 0, 0, 0, 0, 0, 0, 0, 27, 21, 194
"c:\Users\Tochi\Documents\webtoolsClone\webtools\api\delete\index.php", "PHP", 0, 3, 0, 0, 0, 0, 0, 0, 0, 0, 2, 5
"c:\Users\Tochi\Documents\webtoolsClone\webtools\api\get_projects\index.php", "PHP", 0, 117, 0, 0, 0, 0, 0, 0, 0, 35, 16, 168
"c:\Users\Tochi\Documents\webtoolsClone\webtools\api\private\dev_search_engine\index.php", "PHP", 0, 0, 0, 0, 0, 0, 0, 0, 0, 0, 1, 1
"c:\Users\Tochi\Documents\webtoolsClone\webtools\api\private\docs\index.php", "PHP", 0, 0, 0, 0, 0, 0, 0, 0, 0, 0, 1, 1
"c:\Users\Tochi\Documents\webtoolsClone\webtools\api\private\drop_file_js\index.php", "PHP", 0, 63, 0, 0, 0, 0, 0, 0, 0, 0, 10, 73
"c:\Users\Tochi\Documents\webtoolsClone\webtools\api\private\edit_manifest_js\index.php", "PHP", 0, 78, 0, 0, 0, 0, 0, 0, 0, 1, 12, 91
"c:\Users\Tochi\Documents\webtoolsClone\webtools\api\private\edit_project_status\index.php", "PHP", 0, 104, 0, 0, 0, 0, 0, 0, 0, 6, 9, 119
"c:\Users\Tochi\Documents\webtoolsClone\webtools\api\private\edit_test_suite_js\index.php", "PHP", 0, 22, 0, 0, 0, 0, 0, 0, 0, 1, 4, 27
"c:\Users\Tochi\Documents\webtoolsClone\webtools\api\private\edit_user_info\index.php", "PHP", 0, 73, 0, 0, 0, 0, 0, 0, 0, 7, 18, 98
"c:\Users\Tochi\Documents\webtoolsClone\webtools\api\private\get_item_contents\index.php", "PHP", 0, 45, 0, 0, 0, 0, 0, 0, 0, 2, 12, 59
"c:\Users\Tochi\Documents\webtoolsClone\webtools\api\private\get_project_status\index.php", "PHP", 0, 60, 0, 0, 0, 0, 0, 0, 0, 6, 11, 77
"c:\Users\Tochi\Documents\webtoolsClone\webtools\api\private\get_user_info\index.php", "PHP", 0, 24, 0, 0, 0, 0, 0, 0, 0, 0, 3, 27
"c:\Users\Tochi\Documents\webtoolsClone\webtools\api\private\module_handle_js\index.php", "PHP", 0, 36, 0, 0, 0, 0, 0, 0, 0, 9, 7, 52
"c:\Users\Tochi\Documents\webtoolsClone\webtools\api\private\private.php", "PHP", 0, 7, 0, 0, 0, 0, 0, 0, 0, 0, 2, 9
"c:\Users\Tochi\Documents\webtoolsClone\webtools\api\private\save_project_js\index.php", "PHP", 0, 47, 0, 0, 0, 0, 0, 0, 0, 341, 13, 401
"c:\Users\Tochi\Documents\webtoolsClone\webtools\api\private\save_publish_manifest\index.php", "PHP", 0, 25, 0, 0, 0, 0, 0, 0, 0, 3, 5, 33
"c:\Users\Tochi\Documents\webtoolsClone\webtools\api\private\spam.php", "PHP", 0, 38, 0, 0, 0, 0, 0, 0, 0, 18, 15, 71
"c:\Users\Tochi\Documents\webtoolsClone\webtools\api\private\update_user_template\index.php", "PHP", 0, 7, 0, 0, 0, 0, 0, 0, 0, 1, 1, 9
"c:\Users\Tochi\Documents\webtoolsClone\webtools\api\private\user_verification.php", "PHP", 0, 13, 0, 0, 0, 0, 0, 0, 0, 5, 5, 23
"c:\Users\Tochi\Documents\webtoolsClone\webtools\api\private\user_verification_js.php", "PHP", 0, 13, 0, 0, 0, 0, 0, 0, 0, 5, 4, 22
"c:\Users\Tochi\Documents\webtoolsClone\webtools\api\private\validate_input.php", "PHP", 0, 8, 0, 0, 0, 0, 0, 0, 0, 0, 2, 10
"c:\Users\Tochi\Documents\webtoolsClone\webtools\api\spam.php", "PHP", 0, 38, 0, 0, 0, 0, 0, 0, 0, 16, 15, 69
"c:\Users\Tochi\Documents\webtoolsClone\webtools\api\update\index.php", "PHP", 0, 212, 0, 0, 0, 0, 0, 0, 0, 30, 18, 260
"c:\Users\Tochi\Documents\webtoolsClone\webtools\assets\images\play.svg", "XML", 0, 0, 0, 0, 0, 0, 0, 1, 0, 0, 0, 1
"c:\Users\Tochi\Documents\webtoolsClone\webtools\assets\index.php", "PHP", 0, 4, 0, 0, 0, 0, 0, 0, 0, 0, 1, 5
"c:\Users\Tochi\Documents\webtoolsClone\webtools\bro.php", "PHP", 0, 207, 0, 0, 0, 0, 0, 0, 0, 10, 29, 246
"c:\Users\Tochi\Documents\webtoolsClone\webtools\codemirror\CHANGELOG.md", "Markdown", 0, 0, 0, 0, 0, 1288, 0, 0, 0, 0, 927, 2215
"c:\Users\Tochi\Documents\webtoolsClone\webtools\codemirror\CONTRIBUTING.md", "Markdown", 0, 0, 0, 0, 0, 70, 0, 0, 0, 0, 23, 93
"c:\Users\Tochi\Documents\webtoolsClone\webtools\codemirror\README.md", "Markdown", 0, 0, 0, 0, 0, 35, 0, 0, 0, 0, 13, 48
"c:\Users\Tochi\Documents\webtoolsClone\webtools\codemirror\addon\comment\comment.js", "JavaScript", 0, 0, 183, 0, 0, 0, 0, 0, 0, 8, 21, 212
"c:\Users\Tochi\Documents\webtoolsClone\webtools\codemirror\addon\comment\continuecomment.js", "JavaScript", 0, 0, 97, 0, 0, 0, 0, 0, 0, 11, 7, 115
"c:\Users\Tochi\Documents\webtoolsClone\webtools\codemirror\addon\dialog\dialog.css", "CSS", 0, 0, 0, 0, 28, 0, 0, 0, 0, 0, 5, 33
"c:\Users\Tochi\Documents\webtoolsClone\webtools\codemirror\addon\dialog\dialog.js", "JavaScript", 0, 0, 131, 0, 0, 0, 0, 0, 0, 11, 22, 164
"c:\Users\Tochi\Documents\webtoolsClone\webtools\codemirror\addon\display\autorefresh.js", "JavaScript", 0, 0, 41, 0, 0, 0, 0, 0, 0, 2, 5, 48
"c:\Users\Tochi\Documents\webtoolsClone\webtools\codemirror\addon\display\fullscreen.css", "CSS", 0, 0, 0, 0, 6, 0, 0, 0, 0, 0, 1, 7
"c:\Users\Tochi\Documents\webtoolsClone\webtools\codemirror\addon\display\fullscreen.js", "JavaScript", 0, 0, 35, 0, 0, 0, 0, 0, 0, 2, 5, 42
"c:\Users\Tochi\Documents\webtoolsClone\webtools\codemirror\addon\display\panel.js", "JavaScript", 0, 0, 113, 0, 0, 0, 0, 0, 0, 4, 17, 134
"c:\Users\Tochi\Documents\webtoolsClone\webtools\codemirror\addon\display\placeholder.js", "JavaScript", 0, 0, 69, 0, 0, 0, 0, 0, 0, 2, 8, 79
"c:\Users\Tochi\Documents\webtoolsClone\webtools\codemirror\addon\display\rulers.js", "JavaScript", 0, 0, 46, 0, 0, 0, 0, 0, 0, 2, 4, 52
"c:\Users\Tochi\Documents\webtoolsClone\webtools\codemirror\addon\edit\closebrackets.js", "JavaScript", 0, 0, 177, 0, 0, 0, 0, 0, 0, 2, 23, 202
"c:\Users\Tochi\Documents\webtoolsClone\webtools\codemirror\addon\edit\closetag.js", "JavaScript", 0, 0, 134, 0, 0, 0, 0, 0, 0, 37, 15, 186
"c:\Users\Tochi\Documents\webtoolsClone\webtools\codemirror\addon\edit\continuelist.js", "JavaScript", 0, 0, 82, 0, 0, 0, 0, 0, 0, 7, 13, 102
"c:\Users\Tochi\Documents\webtoolsClone\webtools\codemirror\addon\edit\matchbrackets.js", "JavaScript", 0, 0, 127, 0, 0, 0, 0, 0, 0, 17, 17, 161
"c:\Users\Tochi\Documents\webtoolsClone\webtools\codemirror\addon\edit\matchtags.js", "JavaScript", 0, 0, 58, 0, 0, 0, 0, 0, 0, 2, 7, 67
"c:\Users\Tochi\Documents\webtoolsClone\webtools\codemirror\addon\edit\trailingspace.js", "JavaScript", 0, 0, 24, 0, 0, 0, 0, 0, 0, 2, 2, 28
"c:\Users\Tochi\Documents\webtoolsClone\webtools\codemirror\addon\fold\brace-fold.js", "JavaScript", 0, 0, 103, 0, 0, 0, 0, 0, 0, 3, 14, 120
"c:\Users\Tochi\Documents\webtoolsClone\webtools\codemirror\addon\fold\comment-fold.js", "JavaScript", 0, 0, 52, 0, 0, 0, 0, 0, 0, 2, 6, 60
"c:\Users\Tochi\Documents\webtoolsClone\webtools\codemirror\addon\fold\foldcode.js", "JavaScript", 0, 0, 136, 0, 0, 0, 0, 0, 0, 4, 20, 160
"c:\Users\Tochi\Documents\webtoolsClone\webtools\codemirror\addon\fold\foldgutter.css", "CSS", 0, 0, 0, 0, 20, 0, 0, 0, 0, 0, 1, 21
"c:\Users\Tochi\Documents\webtoolsClone\webtools\codemirror\addon\fold\foldgutter.js", "JavaScript", 0, 0, 150, 0, 0, 0, 0, 0, 0, 4, 16, 170
"c:\Users\Tochi\Documents\webtoolsClone\webtools\codemirror\addon\fold\indent-fold.js", "JavaScript", 0, 0, 35, 0, 0, 0, 0, 0, 0, 8, 6, 49
"c:\Users\Tochi\Documents\webtoolsClone\webtools\codemirror\addon\fold\markdown-fold.js", "JavaScript", 0, 0, 39, 0, 0, 0, 0, 0, 0, 2, 9, 50
"c:\Users\Tochi\Documents\webtoolsClone\webtools\codemirror\addon\fold\xml-fold.js", "JavaScript", 0, 0, 168, 0, 0, 0, 0, 0, 0, 3, 14, 185
"c:\Users\Tochi\Documents\webtoolsClone\webtools\codemirror\addon\hint\anyword-hint.js", "JavaScript", 0, 0, 35, 0, 0, 0, 0, 0, 0, 2, 5, 42
"c:\Users\Tochi\Documents\webtoolsClone\webtools\codemirror\addon\hint\css-hint.js", "JavaScript", 0, 0, 55, 0, 0, 0, 0, 0, 0, 2, 10, 67
"c:\Users\Tochi\Documents\webtoolsClone\webtools\codemirror\addon\hint\html-hint.js", "JavaScript", 0, 0, 152, 0, 0, 0, 0, 0, 0, 197, 3, 352
"c:\Users\Tochi\Documents\webtoolsClone\webtools\codemirror\addon\hint\javascript-hint.js", "JavaScript", 0, 0, 137, 0, 0, 0, 0, 0, 0, 12, 14, 163
"c:\Users\Tochi\Documents\webtoolsClone\webtools\codemirror\addon\hint\show-hint.css", "CSS", 0, 0, 0, 0, 31, 0, 0, 0, 0, 0, 7, 38
"c:\Users\Tochi\Documents\webtoolsClone\webtools\codemirror\addon\hint\show-hint.js", "JavaScript", 0, 0, 446, 0, 0, 0, 0, 0, 0, 14, 64, 524
"c:\Users\Tochi\Documents\webtoolsClone\webtools\codemirror\addon\hint\sql-hint.js", "JavaScript", 0, 0, 253, 0, 0, 0, 0, 0, 0, 13, 39, 305
"c:\Users\Tochi\Documents\webtoolsClone\webtools\codemirror\addon\hint\xml-hint.js", "JavaScript", 0, 0, 122, 0, 0, 0, 0, 0, 0, 3, 8, 133
"c:\Users\Tochi\Documents\webtoolsClone\webtools\codemirror\addon\lint\coffeescript-lint.js", "JavaScript", 0, 0, 38, 0, 0, 0, 0, 0, 0, 4, 6, 48
"c:\Users\Tochi\Documents\webtoolsClone\webtools\codemirror\addon\lint\css-lint.js", "JavaScript", 0, 0, 31, 0, 0, 0, 0, 0, 0, 4, 6, 41
"c:\Users\Tochi\Documents\webtoolsClone\webtools\codemirror\addon\lint\html-lint.js", "JavaScript", 0, 0, 50, 0, 0, 0, 0, 0, 0, 4, 6, 60
"c:\Users\Tochi\Documents\webtoolsClone\webtools\codemirror\addon\lint\javascript-lint.js", "JavaScript", 0, 0, 52, 0, 0, 0, 0, 0, 0, 5, 9, 66
"c:\Users\Tochi\Documents\webtoolsClone\webtools\codemirror\addon\lint\json-lint.js", "JavaScript", 0, 0, 29, 0, 0, 0, 0, 0, 0, 6, 6, 41
"c:\Users\Tochi\Documents\webtoolsClone\webtools\codemirror\addon\lint\lint.css", "CSS", 0, 0, 0, 0, 67, 0, 0, 0, 0, 1, 12, 80
"c:\Users\Tochi\Documents\webtoolsClone\webtools\codemirror\addon\lint\lint.js", "JavaScript", 0, 0, 250, 0, 0, 0, 0, 0, 0, 8, 34, 292
"c:\Users\Tochi\Documents\webtoolsClone\webtools\codemirror\addon\lint\yaml-lint.js", "JavaScript", 0, 0, 27, 0, 0, 0, 0, 0, 0, 9, 6, 42
"c:\Users\Tochi\Documents\webtoolsClone\webtools\codemirror\addon\merge\merge.css", "CSS", 0, 0, 0, 0, 104, 0, 0, 0, 0, 0, 16, 120
"c:\Users\Tochi\Documents\webtoolsClone\webtools\codemirror\addon\merge\merge.js", "JavaScript", 0, 0, 895, 0, 0, 0, 0, 0, 0, 26, 98, 1019
"c:\Users\Tochi\Documents\webtoolsClone\webtools\codemirror\addon\mode\loadmode.js", "JavaScript", 0, 0, 59, 0, 0, 0, 0, 0, 0, 2, 6, 67
"c:\Users\Tochi\Documents\webtoolsClone\webtools\codemirror\addon\mode\multiplex.js", "JavaScript", 0, 0, 116, 0, 0, 0, 0, 0, 0, 4, 17, 137
"c:\Users\Tochi\Documents\webtoolsClone\webtools\codemirror\addon\mode\multiplex_test.js", "JavaScript", 0, 0, 38, 0, 0, 0, 0, 0, 0, 2, 10, 50
"c:\Users\Tochi\Documents\webtoolsClone\webtools\codemirror\addon\mode\overlay.js", "JavaScript", 0, 0, 67, 0, 0, 0, 0, 0, 0, 12, 12, 91
"c:\Users\Tochi\Documents\webtoolsClone\webtools\codemirror\addon\mode\simple.js", "JavaScript", 0, 0, 197, 0, 0, 0, 0, 0, 0, 2, 18, 217
"c:\Users\Tochi\Documents\webtoolsClone\webtools\codemirror\addon\runmode\colorize.js", "JavaScript", 0, 0, 31, 0, 0, 0, 0, 0, 0, 2, 8, 41
"c:\Users\Tochi\Documents\webtoolsClone\webtools\codemirror\addon\runmode\runmode-standalone.js", "JavaScript", 0, 0, 274, 0, 0, 0, 0, 0, 0, 28, 33, 335
"c:\Users\Tochi\Documents\webtoolsClone\webtools\codemirror\addon\runmode\runmode.js", "JavaScript", 0, 0, 64, 0, 0, 0, 0, 0, 0, 7, 6, 77
"c:\Users\Tochi\Documents\webtoolsClone\webtools\codemirror\addon\runmode\runmode.node.js", "JavaScript", 0, 0, 272, 0, 0, 0, 0, 0, 0, 27, 31, 330
"c:\Users\Tochi\Documents\webtoolsClone\webtools\codemirror\addon\scroll\annotatescrollbar.js", "JavaScript", 0, 0, 111, 0, 0, 0, 0, 0, 0, 2, 16, 129
"c:\Users\Tochi\Documents\webtoolsClone\webtools\codemirror\addon\scroll\scrollpastend.js", "JavaScript", 0, 0, 42, 0, 0, 0, 0, 0, 0, 2, 5, 49
"c:\Users\Tochi\Documents\webtoolsClone\webtools\codemirror\addon\scroll\simplescrollbars.css", "CSS", 0, 0, 0, 0, 57, 0, 0, 0, 0, 0, 10, 67
"c:\Users\Tochi\Documents\webtoolsClone\webtools\codemirror\addon\scroll\simplescrollbars.js", "JavaScript", 0, 0, 130, 0, 0, 0, 0, 0, 0, 2, 21, 153
"c:\Users\Tochi\Documents\webtoolsClone\webtools\codemirror\addon\search\jump-to-line.js", "JavaScript", 0, 0, 40, 0, 0, 0, 0, 0, 0, 4, 10, 54
"c:\Users\Tochi\Documents\webtoolsClone\webtools\codemirror\addon\search\match-highlighter.js", "JavaScript", 0, 0, 134, 0, 0, 0, 0, 0, 0, 19, 15, 168
"c:\Users\Tochi\Documents\webtoolsClone\webtools\codemirror\addon\search\matchesonscrollbar.css", "CSS", 0, 0, 0, 0, 8, 0, 0, 0, 0, 0, 1, 9
"c:\Users\Tochi\Documents\webtoolsClone\webtools\codemirror\addon\search\matchesonscrollbar.js", "JavaScript", 0, 0, 83, 0, 0, 0, 0, 0, 0, 2, 13, 98
"c:\Users\Tochi\Documents\webtoolsClone\webtools\codemirror\addon\search\search.js", "JavaScript", 0, 0, 261, 0, 0, 0, 0, 0, 0, 10, 25, 296
"c:\Users\Tochi\Documents\webtoolsClone\webtools\codemirror\addon\search\searchcursor.js", "JavaScript", 0, 0, 266, 0, 0, 0, 0, 0, 0, 12, 28, 306
"c:\Users\Tochi\Documents\webtoolsClone\webtools\codemirror\addon\selection\active-line.js", "JavaScript", 0, 0, 64, 0, 0, 0, 0, 0, 0, 2, 7, 73
"c:\Users\Tochi\Documents\webtoolsClone\webtools\codemirror\addon\selection\mark-selection.js", "JavaScript", 0, 0, 97, 0, 0, 0, 0, 0, 0, 7, 16, 120
"c:\Users\Tochi\Documents\webtoolsClone\webtools\codemirror\addon\selection\selection-pointer.js", "JavaScript", 0, 0, 89, 0, 0, 0, 0, 0, 0, 2, 8, 99
"c:\Users\Tochi\Documents\webtoolsClone\webtools\codemirror\addon\tern\tern.css", "CSS", 0, 0, 0, 0, 81, 0, 0, 0, 0, 0, 7, 88
"c:\Users\Tochi\Documents\webtoolsClone\webtools\codemirror\addon\tern\tern.js", "JavaScript", 0, 0, 612, 0, 0, 0, 0, 0, 0, 55, 90, 757
"c:\Users\Tochi\Documents\webtoolsClone\webtools\codemirror\addon\tern\worker.js", "JavaScript", 0, 0, 34, 0, 0, 0, 0, 0, 0, 3, 8, 45
"c:\Users\Tochi\Documents\webtoolsClone\webtools\codemirror\addon\wrap\hardwrap.js", "JavaScript", 0, 0, 143, 0, 0, 0, 0, 0, 0, 5, 13, 161
"c:\Users\Tochi\Documents\webtoolsClone\webtools\codemirror\bin\authors.sh", "Shell Script", 0, 0, 0, 0, 0, 0, 0, 0, 5, 1, 1, 7
"c:\Users\Tochi\Documents\webtoolsClone\webtools\codemirror\bin\upload-release.js", "JavaScript", 0, 0, 39, 0, 0, 0, 0, 0, 0, 0, 6, 45
"c:\Users\Tochi\Documents\webtoolsClone\webtools\codemirror\demo\activeline.html", "HTML", 0, 0, 0, 79, 0, 0, 0, 0, 0, 0, 10, 89
"c:\Users\Tochi\Documents\webtoolsClone\webtools\codemirror\demo\anywordhint.html", "HTML", 0, 0, 0, 68, 0, 0, 0, 0, 0, 0, 10, 78
"c:\Users\Tochi\Documents\webtoolsClone\webtools\codemirror\demo\bidi.html", "HTML", 0, 0, 0, 94, 0, 0, 0, 0, 0, 1, 12, 107
"c:\Users\Tochi\Documents\webtoolsClone\webtools\codemirror\demo\btree.html", "HTML", 0, 0, 0, 73, 0, 0, 0, 0, 0, 0, 11, 84
"c:\Users\Tochi\Documents\webtoolsClone\webtools\codemirror\demo\buffers.html", "HTML", 0, 0, 0, 93, 0, 0, 0, 0, 0, 0, 17, 110
"c:\Users\Tochi\Documents\webtoolsClone\webtools\codemirror\demo\changemode.html", "HTML", 0, 0, 0, 51, 0, 0, 0, 0, 0, 0, 8, 59
"c:\Users\Tochi\Documents\webtoolsClone\webtools\codemirror\demo\closebrackets.html", "HTML", 0, 0, 0, 47, 0, 0, 0, 0, 0, 0, 6, 53
"c:\Users\Tochi\Documents\webtoolsClone\webtools\codemirror\demo\closetag.html", "HTML", 0, 0, 0, 37, 0, 0, 0, 0, 0, 0, 6, 43
"c:\Users\Tochi\Documents\webtoolsClone\webtools\codemirror\demo\complete.html", "HTML", 0, 0, 0, 113, 0, 0, 0, 0, 0, 0, 14, 127
"c:\Users\Tochi\Documents\webtoolsClone\webtools\codemirror\demo\emacs.html", "HTML", 0, 0, 0, 68, 0, 0, 0, 0, 0, 0, 9, 77
"c:\Users\Tochi\Documents\webtoolsClone\webtools\codemirror\demo\folding.html", "HTML", 0, 0, 0, 166, 0, 0, 0, 0, 0, 0, 19, 185
"c:\Users\Tochi\Documents\webtoolsClone\webtools\codemirror\demo\fullscreen.html", "HTML", 0, 0, 0, 74, 0, 0, 0, 0, 0, 0, 10, 84
"c:\Users\Tochi\Documents\webtoolsClone\webtools\codemirror\demo\hardwrap.html", "HTML", 0, 0, 0, 66, 0, 0, 0, 0, 0, 0, 10, 76
"c:\Users\Tochi\Documents\webtoolsClone\webtools\codemirror\demo\html5complete.html", "HTML", 0, 0, 0, 48, 0, 0, 0, 0, 0, 0, 9, 57
"c:\Users\Tochi\Documents\webtoolsClone\webtools\codemirror\demo\indentwrap.html", "HTML", 0, 0, 0, 50, 0, 0, 0, 0, 0, 0, 10, 60
"c:\Users\Tochi\Documents\webtoolsClone\webtools\codemirror\demo\lint.html", "HTML", 0, 0, 0, 146, 0, 0, 0, 0, 0, 0, 26, 172
"c:\Users\Tochi\Documents\webtoolsClone\webtools\codemirror\demo\loadmode.html", "HTML", 0, 0, 0, 67, 0, 0, 0, 0, 0, 0, 6, 73
"c:\Users\Tochi\Documents\webtoolsClone\webtools\codemirror\demo\marker.html", "HTML", 0, 0, 0, 44, 0, 0, 0, 0, 0, 0, 9, 53
"c:\Users\Tochi\Documents\webtoolsClone\webtools\codemirror\demo\markselection.html", "HTML", 0, 0, 0, 44, 0, 0, 0, 0, 0, 0, 9, 53
"c:\Users\Tochi\Documents\webtoolsClone\webtools\codemirror\demo\matchhighlighter.html", "HTML", 0, 0, 0, 90, 0, 0, 0, 0, 0, 0, 14, 104
"c:\Users\Tochi\Documents\webtoolsClone\webtools\codemirror\demo\matchtags.html", "HTML", 0, 0, 0, 40, 0, 0, 0, 0, 0, 0, 9, 49
"c:\Users\Tochi\Documents\webtoolsClone\webtools\codemirror\demo\merge.html", "HTML", 0, 0, 0, 109, 0, 0, 0, 0, 0, 0, 15, 124
"c:\Users\Tochi\Documents\webtoolsClone\webtools\codemirror\demo\multiplex.html", "HTML", 0, 0, 0, 67, 0, 0, 0, 0, 0, 0, 9, 76
"c:\Users\Tochi\Documents\webtoolsClone\webtools\codemirror\demo\mustache.html", "HTML", 0, 0, 0, 62, 0, 0, 0, 0, 0, 0, 8, 70
"c:\Users\Tochi\Documents\webtoolsClone\webtools\codemirror\demo\panel.html", "HTML", 0, 0, 0, 119, 0, 0, 0, 0, 0, 0, 19, 138
"c:\Users\Tochi\Documents\webtoolsClone\webtools\codemirror\demo\placeholder.html", "HTML", 0, 0, 0, 38, 0, 0, 0, 0, 0, 0, 8, 46
"c:\Users\Tochi\Documents\webtoolsClone\webtools\codemirror\demo\preview.html", "HTML", 0, 0, 0, 79, 0, 0, 0, 0, 0, 0, 9, 88
"c:\Users\Tochi\Documents\webtoolsClone\webtools\codemirror\demo\requirejs.html", "HTML", 0, 0, 0, 61, 0, 0, 0, 0, 0, 0, 10, 71
"c:\Users\Tochi\Documents\webtoolsClone\webtools\codemirror\demo\resize.html", "HTML", 0, 0, 0, 44, 0, 0, 0, 0, 0, 0, 8, 52
"c:\Users\Tochi\Documents\webtoolsClone\webtools\codemirror\demo\rulers.html", "HTML", 0, 0, 0, 42, 0, 0, 0, 0, 0, 0, 8, 50
"c:\Users\Tochi\Documents\webtoolsClone\webtools\codemirror\demo\runmode-standalone.html", "HTML", 0, 0, 0, 51, 0, 0, 0, 0, 0, 0, 11, 62
"c:\Users\Tochi\Documents\webtoolsClone\webtools\codemirror\demo\runmode.html", "HTML", 0, 0, 0, 52, 0, 0, 0, 0, 0, 0, 11, 63
"c:\Users\Tochi\Documents\webtoolsClone\webtools\codemirror\demo\search.html", "HTML", 0, 0, 0, 90, 0, 0, 0, 0, 0, 0, 10, 100
"c:\Users\Tochi\Documents\webtoolsClone\webtools\codemirror\demo\simplemode.html", "HTML", 0, 0, 0, 168, 0, 0, 0, 0, 0, 0, 19, 187
"c:\Users\Tochi\Documents\webtoolsClone\webtools\codemirror\demo\simplescrollbars.html", "HTML", 0, 0, 0, 70, 0, 0, 0, 0, 0, 0, 13, 83
"c:\Users\Tochi\Documents\webtoolsClone\webtools\codemirror\demo\spanaffectswrapping_shim.html", "HTML", 0, 0, 0, 74, 0, 0, 0, 0, 0, 0, 12, 86
"c:\Users\Tochi\Documents\webtoolsClone\webtools\codemirror\demo\sublime.html", "HTML", 0, 0, 0, 68, 0, 0, 0, 0, 0, 0, 10, 78
"c:\Users\Tochi\Documents\webtoolsClone\webtools\codemirror\demo\tern.html", "HTML", 0, 0, 0, 112, 0, 0, 0, 0, 0, 0, 22, 134
"c:\Users\Tochi\Documents\webtoolsClone\webtools\codemirror\demo\theme.html", "HTML", 0, 0, 0, 194, 0, 0, 0, 0, 0, 0, 7, 201
"c:\Users\Tochi\Documents\webtoolsClone\webtools\codemirror\demo\trailingspace.html", "HTML", 0, 0, 0, 41, 0, 0, 0, 0, 0, 0, 8, 49
"c:\Users\Tochi\Documents\webtoolsClone\webtools\codemirror\demo\variableheight.html", "HTML", 0, 0, 0, 56, 0, 0, 0, 0, 0, 0, 12, 68
"c:\Users\Tochi\Documents\webtoolsClone\webtools\codemirror\demo\vim.html", "HTML", 0, 0, 0, 101, 0, 0, 0, 0, 0, 0, 14, 115
"c:\Users\Tochi\Documents\webtoolsClone\webtools\codemirror\demo\visibletabs.html", "HTML", 0, 0, 0, 55, 0, 0, 0, 0, 0, 0, 8, 63
"c:\Users\Tochi\Documents\webtoolsClone\webtools\codemirror\demo\widget.html", "HTML", 0, 0, 0, 73, 0, 0, 0, 0, 0, 0, 13, 86
"c:\Users\Tochi\Documents\webtoolsClone\webtools\codemirror\demo\xmlcomplete.html", "HTML", 0, 0, 0, 107, 0, 0, 0, 0, 0, 0, 13, 120
"c:\Users\Tochi\Documents\webtoolsClone\webtools\codemirror\doc\activebookmark.js", "JavaScript", 0, 0, 52, 0, 0, 0, 0, 0, 0, 1, 5, 58
"c:\Users\Tochi\Documents\webtoolsClone\webtools\codemirror\doc\docs.css", "CSS", 0, 0, 0, 0, 190, 0, 0, 0, 0, 0, 36, 226
"c:\Users\Tochi\Documents\webtoolsClone\webtools\codemirror\doc\internals.html", "HTML", 0, 0, 0, 439, 0, 0, 0, 0, 0, 0, 66, 505
"c:\Users\Tochi\Documents\webtoolsClone\webtools\codemirror\doc\logo.svg", "XML", 0, 0, 0, 0, 0, 0, 0, 19, 0, 0, 1, 20
"c:\Users\Tochi\Documents\webtoolsClone\webtools\codemirror\doc\manual.html", "HTML", 0, 0, 0, 3347, 0, 0, 0, 0, 0, 0, 415, 3762
"c:\Users\Tochi\Documents\webtoolsClone\webtools\codemirror\doc\realworld.html", "HTML", 0, 0, 0, 200, 0, 0, 0, 0, 0, 0, 10, 210
"c:\Users\Tochi\Documents\webtoolsClone\webtools\codemirror\doc\releases.html", "HTML", 0, 0, 0, 1833, 0, 0, 0, 0, 0, 0, 370, 2203
"c:\Users\Tochi\Documents\webtoolsClone\webtools\codemirror\doc\reporting.html", "HTML", 0, 0, 0, 46, 0, 0, 0, 0, 0, 0, 15, 61
"c:\Users\Tochi\Documents\webtoolsClone\webtools\codemirror\doc\upgrade_v2.2.html", "HTML", 0, 0, 0, 74, 0, 0, 0, 0, 0, 0, 23, 97
"c:\Users\Tochi\Documents\webtoolsClone\webtools\codemirror\doc\upgrade_v3.html", "HTML", 0, 0, 0, 198, 0, 0, 0, 0, 0, 0, 33, 231
"c:\Users\Tochi\Documents\webtoolsClone\webtools\codemirror\doc\upgrade_v4.html", "HTML", 0, 0, 0, 109, 0, 0, 0, 0, 0, 0, 36, 145
"c:\Users\Tochi\Documents\webtoolsClone\webtools\codemirror\index.php", "PHP", 0, 4, 0, 0, 0, 0, 0, 0, 0, 0, 1, 5
"c:\Users\Tochi\Documents\webtoolsClone\webtools\codemirror\keymap\emacs.js", "JavaScript", 0, 0, 444, 0, 0, 0, 0, 0, 0, 14, 88, 546
"c:\Users\Tochi\Documents\webtoolsClone\webtools\codemirror\keymap\sublime.js", "JavaScript", 0, 0, 658, 0, 0, 0, 0, 0, 0, 7, 56, 721
"c:\Users\Tochi\Documents\webtoolsClone\webtools\codemirror\keymap\vim.js", "JavaScript", 0, 0, 5022, 0, 0, 0, 0, 0, 0, 722, 234, 5978
"c:\Users\Tochi\Documents\webtoolsClone\webtools\codemirror\lib\codemirror.css", "CSS", 0, 0, 0, 0, 279, 0, 0, 0, 0, 23, 43, 345
"c:\Users\Tochi\Documents\webtoolsClone\webtools\codemirror\lib\codemirror.js", "JavaScript", 0, 0, 7882, 0, 0, 0, 0, 0, 0, 1025, 968, 9875
"c:\Users\Tochi\Documents\webtoolsClone\webtools\codemirror\mode\apl\apl.js", "JavaScript", 0, 0, 166, 0, 0, 0, 0, 0, 0, 2, 7, 175
"c:\Users\Tochi\Documents\webtoolsClone\webtools\codemirror\mode\apl\index.html", "HTML", 0, 0, 0, 59, 0, 0, 0, 0, 0, 0, 14, 73
"c:\Users\Tochi\Documents\webtoolsClone\webtools\codemirror\mode\asciiarmor\asciiarmor.js", "JavaScript", 0, 0, 68, 0, 0, 0, 0, 0, 0, 2, 5, 75
"c:\Users\Tochi\Documents\webtoolsClone\webtools\codemirror\mode\asciiarmor\index.html", "HTML", 0, 0, 0, 38, 0, 0, 0, 0, 0, 0, 9, 47
"c:\Users\Tochi\Documents\webtoolsClone\webtools\codemirror\mode\asn.1\asn.1.js", "JavaScript", 0, 0, 186, 0, 0, 0, 0, 0, 0, 4, 15, 205
"c:\Users\Tochi\Documents\webtoolsClone\webtools\codemirror\mode\asn.1\index.html", "HTML", 0, 0, 0, 69, 0, 0, 0, 0, 0, 0, 10, 79
"c:\Users\Tochi\Documents\webtoolsClone\webtools\codemirror\mode\asterisk\asterisk.js", "JavaScript", 0, 0, 185, 0, 0, 0, 0, 0, 0, 25, 11, 221
"c:\Users\Tochi\Documents\webtoolsClone\webtools\codemirror\mode\asterisk\index.html", "HTML", 0, 0, 0, 130, 0, 0, 0, 0, 0, 0, 26, 156
"c:\Users\Tochi\Documents\webtoolsClone\webtools\codemirror\mode\brainfuck\brainfuck.js", "JavaScript", 0, 0, 67, 0, 0, 0, 0, 0, 0, 16, 3, 86
"c:\Users\Tochi\Documents\webtoolsClone\webtools\codemirror\mode\brainfuck\index.html", "HTML", 0, 0, 0, 75, 0, 0, 0, 0, 0, 0, 11, 86
"c:\Users\Tochi\Documents\webtoolsClone\webtools\codemirror\mode\clike\clike.js", "JavaScript", 0, 0, 716, 0, 0, 0, 0, 0, 0, 176, 49, 941
"c:\Users\Tochi\Documents\webtoolsClone\webtools\codemirror\mode\clike\index.html", "HTML", 0, 0, 0, 319, 0, 0, 0, 0, 0, 0, 62, 381
"c:\Users\Tochi\Documents\webtoolsClone\webtools\codemirror\mode\clike\scala.html", "HTML", 0, 0, 0, 698, 0, 0, 0, 0, 0, 0, 70, 768
"c:\Users\Tochi\Documents\webtoolsClone\webtools\codemirror\mode\clike\test.js", "JavaScript", 0, 0, 143, 0, 0, 0, 0, 0, 0, 2, 21, 166
"c:\Users\Tochi\Documents\webtoolsClone\webtools\codemirror\mode\clojure\clojure.js", "JavaScript", 0, 0, 254, 0, 0, 0, 0, 0, 0, 6, 33, 293
"c:\Users\Tochi\Documents\webtoolsClone\webtools\codemirror\mode\clojure\index.html", "HTML", 0, 0, 0, 80, 0, 0, 0, 0, 0, 0, 16, 96
"c:\Users\Tochi\Documents\webtoolsClone\webtools\codemirror\mode\clojure\test.js", "JavaScript", 0, 0, 346, 0, 0, 0, 0, 0, 0, 8, 31, 385
"c:\Users\Tochi\Documents\webtoolsClone\webtools\codemirror\mode\cmake\cmake.js", "JavaScript", 0, 0, 80, 0, 0, 0, 0, 0, 0, 10, 8, 98
"c:\Users\Tochi\Documents\webtoolsClone\webtools\codemirror\mode\cmake\index.html", "HTML", 0, 0, 0, 116, 0, 0, 0, 0, 0, 0, 14, 130
"c:\Users\Tochi\Documents\webtoolsClone\webtools\codemirror\mode\cobol\cobol.js", "JavaScript", 0, 0, 240, 0, 0, 0, 0, 0, 0, 10, 6, 256
"c:\Users\Tochi\Documents\webtoolsClone\webtools\codemirror\mode\cobol\index.html", "HTML", 0, 0, 0, 205, 0, 0, 0, 0, 0, 0, 6, 211
"c:\Users\Tochi\Documents\webtoolsClone\webtools\codemirror\mode\coffeescript\coffeescript.js", "JavaScript", 0, 0, 291, 0, 0, 0, 0, 0, 0, 25, 44, 360
"c:\Users\Tochi\Documents\webtoolsClone\webtools\codemirror\mode\coffeescript\index.html", "HTML", 0, 0, 0, 552, 0, 0, 0, 0, 0, 0, 189, 741
"c:\Users\Tochi\Documents\webtoolsClone\webtools\codemirror\mode\commonlisp\commonlisp.js", "JavaScript", 0, 0, 109, 0, 0, 0, 0, 0, 0, 2, 15, 126
"c:\Users\Tochi\Documents\webtoolsClone\webtools\codemirror\mode\commonlisp\index.html", "HTML", 0, 0, 0, 158, 0, 0, 0, 0, 0, 0, 20, 178
"c:\Users\Tochi\Documents\webtoolsClone\webtools\codemirror\mode\crystal\crystal.js", "JavaScript", 0, 0, 347, 0, 0, 0, 0, 0, 0, 20, 67, 434
"c:\Users\Tochi\Documents\webtoolsClone\webtools\codemirror\mode\crystal\index.html", "HTML", 0, 0, 0, 93, 0, 0, 0, 0, 0, 0, 24, 117
"c:\Users\Tochi\Documents\webtoolsClone\webtools\codemirror\mode\css\css.js", "JavaScript", 0, 0, 796, 0, 0, 0, 0, 0, 0, 8, 59, 863
"c:\Users\Tochi\Documents\webtoolsClone\webtools\codemirror\mode\css\gss.html", "HTML", 0, 0, 0, 82, 0, 0, 0, 0, 0, 0, 23, 105
"c:\Users\Tochi\Documents\webtoolsClone\webtools\codemirror\mode\css\gss_test.js", "JavaScript", 0, 0, 11, 0, 0, 0, 0, 0, 0, 2, 5, 18
"c:\Users\Tochi\Documents\webtoolsClone\webtools\codemirror\mode\css\index.html", "HTML", 0, 0, 0, 66, 0, 0, 0, 0, 0, 0, 16, 82
"c:\Users\Tochi\Documents\webtoolsClone\webtools\codemirror\mode\css\less.html", "HTML", 0, 0, 0, 131, 0, 0, 0, 0, 0, 0, 22, 153
"c:\Users\Tochi\Documents\webtoolsClone\webtools\codemirror\mode\css\less_test.js", "JavaScript", 0, 0, 44, 0, 0, 0, 0, 0, 0, 2, 9, 55
"c:\Users\Tochi\Documents\webtoolsClone\webtools\codemirror\mode\css\scss.html", "HTML", 0, 0, 0, 131, 0, 0, 0, 0, 0, 0, 28, 159
"c:\Users\Tochi\Documents\webtoolsClone\webtools\codemirror\mode\css\scss_test.js", "JavaScript", 0, 0, 78, 0, 0, 0, 0, 0, 0, 2, 31, 111
"c:\Users\Tochi\Documents\webtoolsClone\webtools\codemirror\mode\css\test.js", "JavaScript", 0, 0, 164, 0, 0, 0, 0, 0, 0, 6, 48, 218
"c:\Users\Tochi\Documents\webtoolsClone\webtools\codemirror\mode\cypher\cypher.js", "JavaScript", 0, 0, 141, 0, 0, 0, 0, 0, 0, 4, 8, 153
"c:\Users\Tochi\Documents\webtoolsClone\webtools\codemirror\mode\cypher\index.html", "HTML", 0, 0, 0, 59, 0, 0, 0, 0, 0, 0, 6, 65
"c:\Users\Tochi\Documents\webtoolsClone\webtools\codemirror\mode\cypher\test.js", "JavaScript", 0, 0, 24, 0, 0, 0, 0, 0, 0, 2, 12, 38
"c:\Users\Tochi\Documents\webtoolsClone\webtools\codemirror\mode\d\d.js", "JavaScript", 0, 0, 202, 0, 0, 0, 0, 0, 0, 3, 19, 224
"c:\Users\Tochi\Documents\webtoolsClone\webtools\codemirror\mode\d\index.html", "HTML", 0, 0, 0, 235, 0, 0, 0, 0, 0, 0, 39, 274
"c:\Users\Tochi\Documents\webtoolsClone\webtools\codemirror\mode\d\test.js", "JavaScript", 0, 0, 6, 0, 0, 0, 0, 0, 0, 2, 4, 12
"c:\Users\Tochi\Documents\webtoolsClone\webtools\codemirror\mode\dart\dart.js", "JavaScript", 0, 0, 142, 0, 0, 0, 0, 0, 0, 8, 17, 167
"c:\Users\Tochi\Documents\webtoolsClone\webtools\codemirror\mode\dart\index.html", "HTML", 0, 0, 0, 60, 0, 0, 0, 0, 0, 0, 12, 72
"c:\Users\Tochi\Documents\webtoolsClone\webtools\codemirror\mode\diff\diff.js", "JavaScript", 0, 0, 35, 0, 0, 0, 0, 0, 0, 2, 11, 48
"c:\Users\Tochi\Documents\webtoolsClone\webtools\codemirror\mode\diff\index.html", "HTML", 0, 0, 0, 108, 0, 0, 0, 0, 0, 0, 10, 118
"c:\Users\Tochi\Documents\webtoolsClone\webtools\codemirror\mode\django\django.js", "JavaScript", 0, 0, 266, 0, 0, 0, 0, 0, 0, 45, 46, 357
"c:\Users\Tochi\Documents\webtoolsClone\webtools\codemirror\mode\django\index.html", "HTML", 0, 0, 0, 66, 0, 0, 0, 0, 0, 0, 8, 74
"c:\Users\Tochi\Documents\webtoolsClone\webtools\codemirror\mode\dockerfile\dockerfile.js", "JavaScript", 0, 0, 193, 0, 0, 0, 0, 0, 0, 10, 9, 212
"c:\Users\Tochi\Documents\webtoolsClone\webtools\codemirror\mode\dockerfile\index.html", "HTML", 0, 0, 0, 64, 0, 0, 0, 0, 0, 0, 10, 74
"c:\Users\Tochi\Documents\webtoolsClone\webtools\codemirror\mode\dockerfile\test.js", "JavaScript", 0, 0, 27, 0, 0, 0, 0, 0, 0, 97, 5, 129
"c:\Users\Tochi\Documents\webtoolsClone\webtools\codemirror\mode\dtd\dtd.js", "JavaScript", 0, 0, 116, 0, 0, 0, 0, 0, 0, 9, 18, 143
"c:\Users\Tochi\Documents\webtoolsClone\webtools\codemirror\mode\dtd\index.html", "HTML", 0, 0, 0, 75, 0, 0, 0, 0, 0, 3, 12, 90
"c:\Users\Tochi\Documents\webtoolsClone\webtools\codemirror\mode\dylan\dylan.js", "JavaScript", 0, 0, 276, 0, 0, 0, 0, 0, 0, 44, 33, 353
"c:\Users\Tochi\Documents\webtoolsClone\webtools\codemirror\mode\dylan\index.html", "HTML", 0, 0, 0, 352, 0, 0, 0, 0, 0, 0, 56, 408
"c:\Users\Tochi\Documents\webtoolsClone\webtools\codemirror\mode\dylan\test.js", "JavaScript", 0, 0, 76, 0, 0, 0, 0, 0, 0, 3, 10, 89
"c:\Users\Tochi\Documents\webtoolsClone\webtools\codemirror\mode\ebnf\ebnf.js", "JavaScript", 0, 0, 156, 0, 0, 0, 0, 0, 0, 25, 15, 196
"c:\Users\Tochi\Documents\webtoolsClone\webtools\codemirror\mode\ebnf\index.html", "HTML", 0, 0, 0, 90, 0, 0, 0, 0, 0, 0, 13, 103
"c:\Users\Tochi\Documents\webtoolsClone\webtools\codemirror\mode\ecl\ecl.js", "JavaScript", 0, 0, 184, 0, 0, 0, 0, 0, 0, 3, 20, 207
"c:\Users\Tochi\Documents\webtoolsClone\webtools\codemirror\mode\ecl\index.html", "HTML", 0, 0, 0, 44, 0, 0, 0, 0, 0, 0, 9, 53
"c:\Users\Tochi\Documents\webtoolsClone\webtools\codemirror\mode\eiffel\eiffel.js", "JavaScript", 0, 0, 105, 0, 0, 0, 0, 0, 0, 52, 4, 161
"c:\Users\Tochi\Documents\webtoolsClone\webtools\codemirror\mode\eiffel\index.html", "HTML", 0, 0, 0, 376, 0, 0, 0, 0, 0, 0, 54, 430
"c:\Users\Tochi\Documents\webtoolsClone\webtools\codemirror\mode\elm\elm.js", "JavaScript", 0, 0, 216, 0, 0, 0, 0, 0, 0, 2, 28, 246
"c:\Users\Tochi\Documents\webtoolsClone\webtools\codemirror\mode\elm\index.html", "HTML", 0, 0, 0, 51, 0, 0, 0, 0, 0, 0, 11, 62
"c:\Users\Tochi\Documents\webtoolsClone\webtools\codemirror\mode\erlang\erlang.js", "JavaScript", 0, 0, 471, 0, 0, 0, 0, 0, 0, 63, 86, 620
"c:\Users\Tochi\Documents\webtoolsClone\webtools\codemirror\mode\erlang\index.html", "HTML", 0, 0, 0, 64, 0, 0, 0, 0, 0, 0, 13, 77
"c:\Users\Tochi\Documents\webtoolsClone\webtools\codemirror\mode\factor\factor.js", "JavaScript", 0, 0, 58, 0, 0, 0, 0, 0, 0, 23, 5, 86
"c:\Users\Tochi\Documents\webtoolsClone\webtools\codemirror\mode\factor\index.html", "HTML", 0, 0, 0, 62, 0, 0, 0, 0, 0, 0, 16, 78
"c:\Users\Tochi\Documents\webtoolsClone\webtools\codemirror\mode\fcl\fcl.js", "JavaScript", 0, 0, 143, 0, 0, 0, 0, 0, 0, 3, 28, 174
"c:\Users\Tochi\Documents\webtoolsClone\webtools\codemirror\mode\fcl\index.html", "HTML", 0, 0, 0, 92, 0, 0, 0, 0, 0, 0, 17, 109
"c:\Users\Tochi\Documents\webtoolsClone\webtools\codemirror\mode\forth\forth.js", "JavaScript", 0, 0, 155, 0, 0, 0, 0, 0, 0, 12, 14, 181
"c:\Users\Tochi\Documents\webtoolsClone\webtools\codemirror\mode\forth\index.html", "HTML", 0, 0, 0, 62, 0, 0, 0, 0, 0, 0, 14, 76
"c:\Users\Tochi\Documents\webtoolsClone\webtools\codemirror\mode\fortran\fortran.js", "JavaScript", 0, 0, 171, 0, 0, 0, 0, 0, 0, 3, 15, 189
"c:\Users\Tochi\Documents\webtoolsClone\webtools\codemirror\mode\fortran\index.html", "HTML", 0, 0, 0, 61, 0, 0, 0, 0, 0, 0, 21, 82
"c:\Users\Tochi\Documents\webtoolsClone\webtools\codemirror\mode\gas\gas.js", "JavaScript", 0, 0, 296, 0, 0, 0, 0, 0, 0, 17, 41, 354
"c:\Users\Tochi\Documents\webtoolsClone\webtools\codemirror\mode\gas\index.html", "HTML", 0, 0, 0, 57, 0, 0, 0, 0, 0, 0, 12, 69
"c:\Users\Tochi\Documents\webtoolsClone\webtools\codemirror\mode\gfm\gfm.js", "JavaScript", 0, 0, 107, 0, 0, 0, 0, 0, 0, 15, 8, 130
"c:\Users\Tochi\Documents\webtoolsClone\webtools\codemirror\mode\gfm\index.html", "HTML", 0, 0, 0, 108, 0, 0, 0, 0, 0, 0, 29, 137
"c:\Users\Tochi\Documents\webtoolsClone\webtools\codemirror\mode\gfm\test.js", "JavaScript", 0, 0, 139, 0, 0, 0, 0, 0, 0, 2, 58, 199
"c:\Users\Tochi\Documents\webtoolsClone\webtools\codemirror\mode\gherkin\gherkin.js", "JavaScript", 0, 0, 124, 0, 0, 0, 0, 0, 0, 30, 25, 179
"c:\Users\Tochi\Documents\webtoolsClone\webtools\codemirror\mode\gherkin\index.html", "HTML", 0, 0, 0, 42, 0, 0, 0, 0, 0, 0, 7, 49
"c:\Users\Tochi\Documents\webtoolsClone\webtools\codemirror\mode\go\go.js", "JavaScript", 0, 0, 166, 0, 0, 0, 0, 0, 0, 3, 19, 188
"c:\Users\Tochi\Documents\webtoolsClone\webtools\codemirror\mode\go\index.html", "HTML", 0, 0, 0, 73, 0, 0, 0, 0, 0, 0, 13, 86
"c:\Users\Tochi\Documents\webtoolsClone\webtools\codemirror\mode\groovy\groovy.js", "JavaScript", 0, 0, 225, 0, 0, 0, 0, 0, 0, 5, 18, 248
"c:\Users\Tochi\Documents\webtoolsClone\webtools\codemirror\mode\groovy\index.html", "HTML", 0, 0, 0, 73, 0, 0, 0, 0, 0, 0, 12, 85
"c:\Users\Tochi\Documents\webtoolsClone\webtools\codemirror\mode\haml\haml.js", "JavaScript", 0, 0, 133, 0, 0, 0, 0, 0, 0, 13, 16, 162
"c:\Users\Tochi\Documents\webtoolsClone\webtools\codemirror\mode\haml\index.html", "HTML", 0, 0, 0, 68, 0, 0, 0, 0, 0, 1, 11, 80
"c:\Users\Tochi\Documents\webtoolsClone\webtools\codemirror\mode\haml\test.js", "JavaScript", 0, 0, 70, 0, 0, 0, 0, 0, 0, 4, 24, 98
"c:\Users\Tochi\Documents\webtoolsClone\webtools\codemirror\mode\handlebars\handlebars.js", "JavaScript", 0, 0, 52, 0, 0, 0, 0, 0, 0, 8, 11, 71
"c:\Users\Tochi\Documents\webtoolsClone\webtools\codemirror\mode\handlebars\index.html", "HTML", 0, 0, 0, 65, 0, 0, 0, 0, 0, 0, 18, 83
"c:\Users\Tochi\Documents\webtoolsClone\webtools\codemirror\mode\haskell-literate\haskell-literate.js", "JavaScript", 0, 0, 37, 0, 0, 0, 0, 0, 0, 2, 5, 44
"c:\Users\Tochi\Documents\webtoolsClone\webtools\codemirror\mode\haskell-literate\index.html", "HTML", 0, 0, 0, 231, 0, 0, 0, 0, 0, 0, 52, 283
"c:\Users\Tochi\Documents\webtoolsClone\webtools\codemirror\mode\haskell\haskell.js", "JavaScript", 0, 0, 231, 0, 0, 0, 0, 0, 0, 3, 35, 269
"c:\Users\Tochi\Documents\webtoolsClone\webtools\codemirror\mode\haskell\index.html", "HTML", 0, 0, 0, 62, 0, 0, 0, 0, 0, 0, 12, 74
"c:\Users\Tochi\Documents\webtoolsClone\webtools\codemirror\mode\haxe\haxe.js", "JavaScript", 0, 0, 450, 0, 0, 0, 0, 0, 0, 13, 53, 516
"c:\Users\Tochi\Documents\webtoolsClone\webtools\codemirror\mode\haxe\index.html", "HTML", 0, 0, 0, 110, 0, 0, 0, 0, 0, 0, 15, 125
"c:\Users\Tochi\Documents\webtoolsClone\webtools\codemirror\mode\htmlembedded\htmlembedded.js", "JavaScript", 0, 0, 32, 0, 0, 0, 0, 0, 0, 2, 4, 38
"c:\Users\Tochi\Documents\webtoolsClone\webtools\codemirror\mode\htmlembedded\index.html", "HTML", 0, 0, 0, 53, 0, 0, 0, 0, 0, 0, 8, 61
"c:\Users\Tochi\Documents\webtoolsClone\webtools\codemirror\mode\htmlmixed\htmlmixed.js", "JavaScript", 0, 0, 134, 0, 0, 0, 0, 0, 0, 2, 18, 154
"c:\Users\Tochi\Documents\webtoolsClone\webtools\codemirror\mode\htmlmixed\index.html", "HTML", 0, 0, 0, 90, 0, 0, 0, 0, 0, 1, 10, 101
"c:\Users\Tochi\Documents\webtoolsClone\webtools\codemirror\mode\http\http.js", "JavaScript", 0, 0, 96, 0, 0, 0, 0, 0, 0, 2, 16, 114
"c:\Users\Tochi\Documents\webtoolsClone\webtools\codemirror\mode\http\index.html", "HTML", 0, 0, 0, 36, 0, 0, 0, 0, 0, 0, 10, 46
"c:\Users\Tochi\Documents\webtoolsClone\webtools\codemirror\mode\idl\idl.js", "JavaScript", 0, 0, 266, 0, 0, 0, 0, 0, 0, 8, 17, 291
"c:\Users\Tochi\Documents\webtoolsClone\webtools\codemirror\mode\idl\index.html", "HTML", 0, 0, 0, 52, 0, 0, 0, 0, 0, 0, 14, 66
"c:\Users\Tochi\Documents\webtoolsClone\webtools\codemirror\mode\index.html", "HTML", 0, 0, 0, 158, 0, 0, 0, 0, 0, 0, 9, 167
"c:\Users\Tochi\Documents\webtoolsClone\webtools\codemirror\mode\javascript\index.html", "HTML", 0, 0, 0, 107, 0, 0, 0, 0, 0, 0, 12, 119
"c:\Users\Tochi\Documents\webtoolsClone\webtools\codemirror\mode\javascript\javascript.js", "JavaScript", 0, 0, 893, 0, 0, 0, 0, 0, 0, 22, 46, 961
"c:\Users\Tochi\Documents\webtoolsClone\webtools\codemirror\mode\javascript\json-ld.html", "HTML", 0, 0, 0, 64, 0, 0, 0, 0, 0, 0, 9, 73
"c:\Users\Tochi\Documents\webtoolsClone\webtools\codemirror\mode\javascript\test.js", "JavaScript", 0, 0, 430, 0, 0, 0, 0, 0, 0, 3, 89, 522
"c:\Users\Tochi\Documents\webtoolsClone\webtools\codemirror\mode\javascript\typescript.html", "HTML", 0, 0, 0, 50, 0, 0, 0, 0, 0, 0, 13, 63
"c:\Users\Tochi\Documents\webtoolsClone\webtools\codemirror\mode\jinja2\index.html", "HTML", 0, 0, 0, 59, 0, 0, 0, 0, 0, 0, 6, 65
"c:\Users\Tochi\Documents\webtoolsClone\webtools\codemirror\mode\jinja2\jinja2.js", "JavaScript", 0, 0, 173, 0, 0, 0, 0, 0, 0, 11, 10, 194
"c:\Users\Tochi\Documents\webtoolsClone\webtools\codemirror\mode\jsx\index.html", "HTML", 0, 0, 0, 72, 0, 0, 0, 0, 0, 0, 18, 90
"c:\Users\Tochi\Documents\webtoolsClone\webtools\codemirror\mode\jsx\jsx.js", "JavaScript", 0, 0, 65, 0, 0, 0, 0, 0, 0, 73, 11, 149
"c:\Users\Tochi\Documents\webtoolsClone\webtools\codemirror\mode\jsx\test.js", "JavaScript", 0, 0, 71, 0, 0, 0, 0, 0, 0, 4, 24, 99
"c:\Users\Tochi\Documents\webtoolsClone\webtools\codemirror\mode\julia\index.html", "HTML", 0, 0, 0, 174, 0, 0, 0, 0, 0, 0, 23, 197
"c:\Users\Tochi\Documents\webtoolsClone\webtools\codemirror\mode\julia\julia.js", "JavaScript", 0, 0, 313, 0, 0, 0, 0, 0, 0, 20, 58, 391
"c:\Users\Tochi\Documents\webtoolsClone\webtools\codemirror\mode\livescript\index.html", "HTML", 0, 0, 0, 352, 0, 0, 0, 0, 0, 0, 108, 460
"c:\Users\Tochi\Documents\webtoolsClone\webtools\codemirror\mode\livescript\livescript.js", "JavaScript", 0, 0, 268, 0, 0, 0, 0, 0, 0, 6, 7, 281
"c:\Users\Tochi\Documents\webtoolsClone\webtools\codemirror\mode\lua\index.html", "HTML", 0, 0, 0, 71, 0, 0, 0, 0, 0, 0, 15, 86
"c:\Users\Tochi\Documents\webtoolsClone\webtools\codemirror\mode\lua\lua.js", "JavaScript", 0, 0, 129, 0, 0, 0, 0, 0, 0, 6, 26, 161
"c:\Users\Tochi\Documents\webtoolsClone\webtools\codemirror\mode\markdown\index.html", "HTML", 0, 0, 0, 295, 0, 0, 0, 0, 0, 0, 124, 419
"c:\Users\Tochi\Documents\webtoolsClone\webtools\codemirror\mode\markdown\markdown.js", "JavaScript", 0, 0, 730, 0, 0, 0, 0, 0, 0, 46, 111, 887
"c:\Users\Tochi\Documents\webtoolsClone\webtools\codemirror\mode\markdown\test.js", "JavaScript", 0, 0, 906, 0, 0, 0, 0, 0, 0, 153, 261, 1320
"c:\Users\Tochi\Documents\webtoolsClone\webtools\codemirror\mode\mathematica\index.html", "HTML", 0, 0, 0, 64, 0, 0, 0, 0, 0, 0, 9, 73
"c:\Users\Tochi\Documents\webtoolsClone\webtools\codemirror\mode\mathematica\mathematica.js", "JavaScript", 0, 0, 118, 0, 0, 0, 0, 0, 0, 30, 29, 177
"c:\Users\Tochi\Documents\webtoolsClone\webtools\codemirror\mode\mbox\index.html", "HTML", 0, 0, 0, 36, 0, 0, 0, 0, 0, 0, 9, 45
"c:\Users\Tochi\Documents\webtoolsClone\webtools\codemirror\mode\mbox\mbox.js", "JavaScript", 0, 0, 102, 0, 0, 0, 0, 0, 0, 11, 17, 130
"c:\Users\Tochi\Documents\webtoolsClone\webtools\codemirror\mode\meta.js", "JavaScript", 0, 0, 212, 0, 0, 0, 0, 0, 0, 3, 7, 222
"c:\Users\Tochi\Documents\webtoolsClone\webtools\codemirror\mode\mirc\index.html", "HTML", 0, 0, 0, 154, 0, 0, 0, 0, 0, 0, 8, 162
"c:\Users\Tochi\Documents\webtoolsClone\webtools\codemirror\mode\mirc\mirc.js", "JavaScript", 0, 0, 186, 0, 0, 0, 0, 0, 0, 3, 5, 194
"c:\Users\Tochi\Documents\webtoolsClone\webtools\codemirror\mode\mllike\index.html", "HTML", 0, 0, 0, 164, 0, 0, 0, 0, 0, 0, 35, 199
"c:\Users\Tochi\Documents\webtoolsClone\webtools\codemirror\mode\mllike\mllike.js", "JavaScript", 0, 0, 326, 0, 0, 0, 0, 0, 0, 9, 25, 360
"c:\Users\Tochi\Documents\webtoolsClone\webtools\codemirror\mode\modelica\index.html", "HTML", 0, 0, 0, 59, 0, 0, 0, 0, 0, 0, 9, 68
"c:\Users\Tochi\Documents\webtoolsClone\webtools\codemirror\mode\modelica\modelica.js", "JavaScript", 0, 0, 190, 0, 0, 0, 0, 0, 0, 14, 42, 246
"c:\Users\Tochi\Documents\webtoolsClone\webtools\codemirror\mode\mscgen\index.html", "HTML", 0, 0, 0, 134, 0, 0, 0, 0, 0, 0, 18, 152
"c:\Users\Tochi\Documents\webtoolsClone\webtools\codemirror\mode\mscgen\mscgen.js", "JavaScript", 0, 0, 143, 0, 0, 0, 0, 0, 0, 13, 20, 176
"c:\Users\Tochi\Documents\webtoolsClone\webtools\codemirror\mode\mscgen\mscgen_test.js", "JavaScript", 0, 0, 70, 0, 0, 0, 0, 0, 0, 2, 13, 85
"c:\Users\Tochi\Documents\webtoolsClone\webtools\codemirror\mode\mscgen\msgenny_test.js", "JavaScript", 0, 0, 65, 0, 0, 0, 0, 0, 0, 2, 11, 78
"c:\Users\Tochi\Documents\webtoolsClone\webtools\codemirror\mode\mscgen\xu_test.js", "JavaScript", 0, 0, 73, 0, 0, 0, 0, 0, 0, 2, 13, 88
"c:\Users\Tochi\Documents\webtoolsClone\webtools\codemirror\mode\mumps\index.html", "HTML", 0, 0, 0, 78, 0, 0, 0, 0, 0, 0, 8, 86
"c:\Users\Tochi\Documents\webtoolsClone\webtools\codemirror\mode\mumps\mumps.js", "JavaScript", 0, 0, 102, 0, 0, 0, 0, 0, 0, 21, 26, 149
"c:\Users\Tochi\Documents\webtoolsClone\webtools\codemirror\mode\nginx\index.html", "HTML", 0, 0, 0, 140, 0, 0, 0, 0, 0, 0, 42, 182
"c:\Users\Tochi\Documents\webtoolsClone\webtools\codemirror\mode\nginx\nginx.js", "JavaScript", 0, 0, 150, 0, 0, 0, 0, 0, 0, 3, 26, 179
"c:\Users\Tochi\Documents\webtoolsClone\webtools\codemirror\mode\nsis\index.html", "HTML", 0, 0, 0, 63, 0, 0, 0, 0, 0, 0, 17, 80
"c:\Users\Tochi\Documents\webtoolsClone\webtools\codemirror\mode\nsis\nsis.js", "JavaScript", 0, 0, 51, 0, 0, 0, 0, 0, 0, 23, 22, 96
"c:\Users\Tochi\Documents\webtoolsClone\webtools\codemirror\mode\ntriples\index.html", "HTML", 0, 0, 0, 62, 0, 0, 0, 0, 0, 0, 9, 71
"c:\Users\Tochi\Documents\webtoolsClone\webtools\codemirror\mode\ntriples\ntriples.js", "JavaScript", 0, 0, 139, 0, 0, 0, 0, 0, 0, 39, 18, 196
"c:\Users\Tochi\Documents\webtoolsClone\webtools\codemirror\mode\octave\index.html", "HTML", 0, 0, 0, 73, 0, 0, 0, 0, 0, 0, 12, 85
"c:\Users\Tochi\Documents\webtoolsClone\webtools\codemirror\mode\octave\octave.js", "JavaScript", 0, 0, 104, 0, 0, 0, 0, 0, 0, 9, 27, 140
"c:\Users\Tochi\Documents\webtoolsClone\webtools\codemirror\mode\oz\index.html", "HTML", 0, 0, 0, 53, 0, 0, 0, 0, 0, 0, 7, 60
"c:\Users\Tochi\Documents\webtoolsClone\webtools\codemirror\mode\oz\oz.js", "JavaScript", 0, 0, 191, 0, 0, 0, 0, 0, 0, 19, 43, 253
"c:\Users\Tochi\Documents\webtoolsClone\webtools\codemirror\mode\pascal\index.html", "HTML", 0, 0, 0, 48, 0, 0, 0, 0, 0, 0, 14, 62
"c:\Users\Tochi\Documents\webtoolsClone\webtools\codemirror\mode\pascal\pascal.js", "JavaScript", 0, 0, 120, 0, 0, 0, 0, 0, 0, 3, 14, 137
"c:\Users\Tochi\Documents\webtoolsClone\webtools\codemirror\mode\pegjs\index.html", "HTML", 0, 0, 0, 57, 0, 0, 0, 0, 0, 0, 10, 67
"c:\Users\Tochi\Documents\webtoolsClone\webtools\codemirror\mode\pegjs\pegjs.js", "JavaScript", 0, 0, 91, 0, 0, 0, 0, 0, 0, 15, 6, 112
"c:\Users\Tochi\Documents\webtoolsClone\webtools\codemirror\mode\perl\index.html", "HTML", 0, 0, 0, 58, 0, 0, 0, 0, 0, 0, 18, 76
"c:\Users\Tochi\Documents\webtoolsClone\webtools\codemirror\mode\perl\perl.js", "JavaScript", 0, 0, 799, 0, 0, 0, 0, 0, 0, 22, 16, 837
"c:\Users\Tochi\Documents\webtoolsClone\webtools\codemirror\mode\php\index.html", "HTML", 0, 0, 0, 55, 0, 0, 0, 0, 0, 0, 10, 65
"c:\Users\Tochi\Documents\webtoolsClone\webtools\codemirror\mode\php\php.js", "JavaScript", 0, 0, 209, 0, 0, 0, 0, 0, 0, 9, 17, 235
"c:\Users\Tochi\Documents\webtoolsClone\webtools\codemirror\mode\php\test.js", "JavaScript", 0, 0, 131, 0, 0, 0, 0, 0, 0, 2, 22, 155
"c:\Users\Tochi\Documents\webtoolsClone\webtools\codemirror\mode\pig\index.html", "HTML", 0, 0, 0, 46, 0, 0, 0, 0, 0, 0, 8, 54
"c:\Users\Tochi\Documents\webtoolsClone\webtools\codemirror\mode\pig\pig.js", "JavaScript", 0, 0, 136, 0, 0, 0, 0, 0, 0, 24, 19, 179
"c:\Users\Tochi\Documents\webtoolsClone\webtools\codemirror\mode\powershell\index.html", "HTML", 0, 0, 0, 196, 0, 0, 0, 0, 0, 0, 14, 210
"c:\Users\Tochi\Documents\webtoolsClone\webtools\codemirror\mode\powershell\powershell.js", "JavaScript", 0, 0, 343, 0, 0, 0, 0, 0, 0, 9, 47, 399
"c:\Users\Tochi\Documents\webtoolsClone\webtools\codemirror\mode\powershell\test.js", "JavaScript", 0, 0, 60, 0, 0, 0, 0, 0, 0, 2, 13, 75
"c:\Users\Tochi\Documents\webtoolsClone\webtools\codemirror\mode\properties\index.html", "HTML", 0, 0, 0, 47, 0, 0, 0, 0, 0, 0, 7, 54
"c:\Users\Tochi\Documents\webtoolsClone\webtools\codemirror\mode\properties\properties.js", "JavaScript", 0, 0, 62, 0, 0, 0, 0, 0, 0, 3, 14, 79
"c:\Users\Tochi\Documents\webtoolsClone\webtools\codemirror\mode\protobuf\index.html", "HTML", 0, 0, 0, 87, 0, 0, 0, 0, 0, 0, 18, 105
"c:\Users\Tochi\Documents\webtoolsClone\webtools\codemirror\mode\protobuf\protobuf.js", "JavaScript", 0, 0, 51, 0, 0, 0, 0, 0, 0, 8, 14, 73
"c:\Users\Tochi\Documents\webtoolsClone\webtools\codemirror\mode\pug\index.html", "HTML", 0, 0, 0, 66, 0, 0, 0, 0, 0, 0, 5, 71
"c:\Users\Tochi\Documents\webtoolsClone\webtools\codemirror\mode\pug\pug.js", "JavaScript", 0, 0, 507, 0, 0, 0, 0, 0, 0, 20, 65, 592
"c:\Users\Tochi\Documents\webtoolsClone\webtools\codemirror\mode\puppet\index.html", "HTML", 0, 0, 0, 105, 0, 0, 0, 0, 0, 0, 17, 122
"c:\Users\Tochi\Documents\webtoolsClone\webtools\codemirror\mode\puppet\puppet.js", "JavaScript", 0, 0, 155, 0, 0, 0, 0, 0, 0, 55, 11, 221
"c:\Users\Tochi\Documents\webtoolsClone\webtools\codemirror\mode\python\index.html", "HTML", 0, 0, 0, 173, 0, 0, 0, 0, 0, 0, 35, 208
"c:\Users\Tochi\Documents\webtoolsClone\webtools\codemirror\mode\python\python.js", "JavaScript", 0, 0, 322, 0, 0, 0, 0, 0, 0, 26, 55, 403
"c:\Users\Tochi\Documents\webtoolsClone\webtools\codemirror\mode\python\test.js", "JavaScript", 0, 0, 71, 0, 0, 0, 0, 0, 0, 4, 15, 90
"c:\Users\Tochi\Documents\webtoolsClone\webtools\codemirror\mode\q\index.html", "HTML", 0, 0, 0, 130, 0, 0, 0, 0, 0, 0, 15, 145
"c:\Users\Tochi\Documents\webtoolsClone\webtools\codemirror\mode\q\q.js", "JavaScript", 0, 0, 133, 0, 0, 0, 0, 0, 0, 3, 4, 140
"c:\Users\Tochi\Documents\webtoolsClone\webtools\codemirror\mode\r\index.html", "HTML", 0, 0, 0, 73, 0, 0, 0, 0, 0, 0, 16, 89
"c:\Users\Tochi\Documents\webtoolsClone\webtools\codemirror\mode\r\r.js", "JavaScript", 0, 0, 170, 0, 0, 0, 0, 0, 0, 4, 17, 191
"c:\Users\Tochi\Documents\webtoolsClone\webtools\codemirror\mode\rpm\changes\index.html", "HTML", 0, 0, 0, 54, 0, 0, 0, 0, 0, 0, 13, 67
"c:\Users\Tochi\Documents\webtoolsClone\webtools\codemirror\mode\rpm\index.html", "HTML", 0, 0, 0, 122, 0, 0, 0, 0, 0, 0, 28, 150
"c:\Users\Tochi\Documents\webtoolsClone\webtools\codemirror\mode\rpm\rpm.js", "JavaScript", 0, 0, 86, 0, 0, 0, 0, 0, 0, 6, 18, 110
"c:\Users\Tochi\Documents\webtoolsClone\webtools\codemirror\mode\rst\index.html", "HTML", 0, 0, 0, 369, 0, 0, 0, 0, 0, 0, 167, 536
"c:\Users\Tochi\Documents\webtoolsClone\webtools\codemirror\mode\rst\rst.js", "JavaScript", 0, 0, 457, 0, 0, 0, 0, 0, 0, 26, 75, 558
"c:\Users\Tochi\Documents\webtoolsClone\webtools\codemirror\mode\ruby\index.html", "HTML", 0, 0, 0, 158, 0, 0, 0, 0, 0, 0, 26, 184
"c:\Users\Tochi\Documents\webtoolsClone\webtools\codemirror\mode\ruby\ruby.js", "JavaScript", 0, 0, 118, 0, 0, 0, 0, 0, 0, 176, 10, 304
"c:\Users\Tochi\Documents\webtoolsClone\webtools\codemirror\mode\ruby\test.js", "JavaScript", 0, 0, 16, 0, 0, 0, 0, 0, 0, 2, 6, 24
"c:\Users\Tochi\Documents\webtoolsClone\webtools\codemirror\mode\rust\index.html", "HTML", 0, 0, 0, 54, 0, 0, 0, 0, 0, 0, 11, 65
"c:\Users\Tochi\Documents\webtoolsClone\webtools\codemirror\mode\rust\rust.js", "JavaScript", 0, 0, 60, 0, 0, 0, 0, 0, 0, 7, 6, 73
"c:\Users\Tochi\Documents\webtoolsClone\webtools\codemirror\mode\rust\test.js", "JavaScript", 0, 0, 30, 0, 0, 0, 0, 0, 0, 2, 8, 40
"c:\Users\Tochi\Documents\webtoolsClone\webtools\codemirror\mode\sas\index.html", "HTML", 0, 0, 0, 68, 0, 0, 0, 0, 0, 0, 14, 82
"c:\Users\Tochi\Documents\webtoolsClone\webtools\codemirror\mode\sas\sas.js", "JavaScript", 0, 0, 221, 0, 0, 0, 0, 0, 0, 52, 31, 304
"c:\Users\Tochi\Documents\webtoolsClone\webtools\codemirror\mode\sass\index.html", "HTML", 0, 0, 0, 57, 0, 0, 0, 0, 0, 0, 12, 69
"c:\Users\Tochi\Documents\webtoolsClone\webtools\codemirror\mode\sass\sass.js", "JavaScript", 0, 0, 119, 0, 0, 0, 0, 0, 0, 314, 27, 460
"c:\Users\Tochi\Documents\webtoolsClone\webtools\codemirror\mode\sass\test.js", "JavaScript", 0, 0, 9, 0, 0, 0, 0, 0, 0, 111, 3, 123
"c:\Users\Tochi\Documents\webtoolsClone\webtools\codemirror\mode\scheme\index.html", "HTML", 0, 0, 0, 67, 0, 0, 0, 0, 0, 0, 11, 78
"c:\Users\Tochi\Documents\webtoolsClone\webtools\codemirror\mode\scheme\scheme.js", "JavaScript", 0, 0, 230, 0, 0, 0, 0, 0, 0, 21, 34, 285
"c:\Users\Tochi\Documents\webtoolsClone\webtools\codemirror\mode\shell\index.html", "HTML", 0, 0, 0, 53, 0, 0, 0, 0, 0, 0, 14, 67
"c:\Users\Tochi\Documents\webtoolsClone\webtools\codemirror\mode\shell\shell.js", "JavaScript", 0, 0, 147, 0, 0, 0, 0, 0, 0, 4, 18, 169
"c:\Users\Tochi\Documents\webtoolsClone\webtools\codemirror\mode\shell\test.js", "JavaScript", 0, 0, 64, 0, 0, 0, 0, 0, 0, 2, 15, 81
"c:\Users\Tochi\Documents\webtoolsClone\webtools\codemirror\mode\sieve\index.html", "HTML", 0, 0, 0, 83, 0, 0, 0, 0, 0, 0, 11, 94
"c:\Users\Tochi\Documents\webtoolsClone\webtools\codemirror\mode\sieve\sieve.js", "JavaScript", 0, 0, 144, 0, 0, 0, 0, 0, 0, 10, 40, 194
"c:\Users\Tochi\Documents\webtoolsClone\webtools\codemirror\mode\slim\index.html", "HTML", 0, 0, 0, 85, 0, 0, 0, 0, 0, 1, 11, 97
"c:\Users\Tochi\Documents\webtoolsClone\webtools\codemirror\mode\slim\slim.js", "JavaScript", 0, 0, 527, 0, 0, 0, 0, 0, 0, 10, 39, 576
"c:\Users\Tochi\Documents\webtoolsClone\webtools\codemirror\mode\slim\test.js", "JavaScript", 0, 0, 68, 0, 0, 0, 0, 0, 0, 4, 25, 97
"c:\Users\Tochi\Documents\webtoolsClone\webtools\codemirror\mode\smalltalk\index.html", "HTML", 0, 0, 0, 59, 0, 0, 0, 0, 0, 0, 10, 69
"c:\Users\Tochi\Documents\webtoolsClone\webtools\codemirror\mode\smalltalk\smalltalk.js", "JavaScript", 0, 0, 128, 0, 0, 0, 0, 0, 0, 2, 39, 169
"c:\Users\Tochi\Documents\webtoolsClone\webtools\codemirror\mode\smarty\index.html", "HTML", 0, 0, 0, 116, 0, 0, 0, 0, 0, 0, 23, 139
"c:\Users\Tochi\Documents\webtoolsClone\webtools\codemirror\mode\smarty\smarty.js", "JavaScript", 0, 0, 200, 0, 0, 0, 0, 0, 0, 7, 19, 226
"c:\Users\Tochi\Documents\webtoolsClone\webtools\codemirror\mode\solr\index.html", "HTML", 0, 0, 0, 45, 0, 0, 0, 0, 0, 0, 13, 58
"c:\Users\Tochi\Documents\webtoolsClone\webtools\codemirror\mode\solr\solr.js", "JavaScript", 0, 0, 86, 0, 0, 0, 0, 0, 0, 2, 17, 105
"c:\Users\Tochi\Documents\webtoolsClone\webtools\codemirror\mode\soy\index.html", "HTML", 0, 0, 0, 60, 0, 0, 0, 0, 0, 0, 9, 69
"c:\Users\Tochi\Documents\webtoolsClone\webtools\codemirror\mode\soy\soy.js", "JavaScript", 0, 0, 545, 0, 0, 0, 0, 0, 0, 71, 50, 666
"c:\Users\Tochi\Documents\webtoolsClone\webtools\codemirror\mode\soy\test.js", "JavaScript", 0, 0, 266, 0, 0, 0, 0, 0, 0, 3, 54, 323
"c:\Users\Tochi\Documents\webtoolsClone\webtools\codemirror\mode\sparql\index.html", "HTML", 0, 0, 0, 53, 0, 0, 0, 0, 0, 0, 9, 62
"c:\Users\Tochi\Documents\webtoolsClone\webtools\codemirror\mode\sparql\sparql.js", "JavaScript", 0, 0, 165, 0, 0, 0, 0, 0, 0, 2, 18, 185
"c:\Users\Tochi\Documents\webtoolsClone\webtools\codemirror\mode\spreadsheet\index.html", "HTML", 0, 0, 0, 35, 0, 0, 0, 0, 0, 0, 8, 43
"c:\Users\Tochi\Documents\webtoolsClone\webtools\codemirror\mode\spreadsheet\spreadsheet.js", "JavaScript", 0, 0, 96, 0, 0, 0, 0, 0, 0, 7, 10, 113
"c:\Users\Tochi\Documents\webtoolsClone\webtools\codemirror\mode\sql\index.html", "HTML", 0, 0, 0, 87, 0, 0, 0, 0, 0, 0, 6, 93
"c:\Users\Tochi\Documents\webtoolsClone\webtools\codemirror\mode\sql\sql.js", "JavaScript", 0, 0, 325, 0, 0, 0, 0, 0, 0, 171, 30, 526
"c:\Users\Tochi\Documents\webtoolsClone\webtools\codemirror\mode\stex\index.html", "HTML", 0, 0, 0, 106, 0, 0, 0, 0, 0, 0, 11, 117
"c:\Users\Tochi\Documents\webtoolsClone\webtools\codemirror\mode\stex\stex.js", "JavaScript", 0, 0, 221, 0, 0, 0, 0, 0, 0, 16, 28, 265
"c:\Users\Tochi\Documents\webtoolsClone\webtools\codemirror\mode\stex\test.js", "JavaScript", 0, 0, 89, 0, 0, 0, 0, 0, 0, 2, 42, 133
"c:\Users\Tochi\Documents\webtoolsClone\webtools\codemirror\mode\stylus\index.html", "HTML", 0, 0, 0, 93, 0, 0, 0, 0, 0, 0, 14, 107
"c:\Users\Tochi\Documents\webtoolsClone\webtools\codemirror\mode\stylus\stylus.js", "JavaScript", 0, 0, 609, 0, 0, 0, 0, 0, 0, 98, 69, 776
"c:\Users\Tochi\Documents\webtoolsClone\webtools\codemirror\mode\swift\index.html", "HTML", 0, 0, 0, 59, 0, 0, 0, 0, 0, 0, 12, 71
"c:\Users\Tochi\Documents\webtoolsClone\webtools\codemirror\mode\swift\swift.js", "JavaScript", 0, 0, 50, 0, 0, 0, 0, 0, 0, 164, 8, 222
"c:\Users\Tochi\Documents\webtoolsClone\webtools\codemirror\mode\swift\test.js", "JavaScript", 0, 0, 127, 0, 0, 0, 0, 0, 0, 19, 17, 163
"c:\Users\Tochi\Documents\webtoolsClone\webtools\codemirror\mode\tcl\index.html", "HTML", 0, 0, 0, 136, 0, 0, 0, 0, 0, 0, 7, 143
"c:\Users\Tochi\Documents\webtoolsClone\webtools\codemirror\mode\tcl\tcl.js", "JavaScript", 0, 0, 133, 0, 0, 0, 0, 0, 0, 3, 5, 141
"c:\Users\Tochi\Documents\webtoolsClone\webtools\codemirror\mode\textile\index.html", "HTML", 0, 0, 0, 130, 0, 0, 0, 0, 0, 0, 62, 192
"c:\Users\Tochi\Documents\webtoolsClone\webtools\codemirror\mode\textile\test.js", "JavaScript", 0, 0, 287, 0, 0, 0, 0, 0, 0, 30, 101, 418
"c:\Users\Tochi\Documents\webtoolsClone\webtools\codemirror\mode\textile\textile.js", "JavaScript", 0, 0, 400, 0, 0, 0, 0, 0, 0, 2, 68, 470
"c:\Users\Tochi\Documents\webtoolsClone\webtools\codemirror\mode\tiddlywiki\index.html", "HTML", 0, 0, 0, 123, 0, 0, 0, 0, 0, 2, 30, 155
"c:\Users\Tochi\Documents\webtoolsClone\webtools\codemirror\mode\tiddlywiki\tiddlywiki.css", "CSS", 0, 0, 0, 0, 14, 0, 0, 0, 0, 0, 1, 15
"c:\Users\Tochi\Documents\webtoolsClone\webtools\codemirror\mode\tiddlywiki\tiddlywiki.js", "JavaScript", 0, 0, 230, 0, 0, 0, 0, 0, 0, 35, 44, 309
"c:\Users\Tochi\Documents\webtoolsClone\webtools\codemirror\mode\tiki\index.html", "HTML", 0, 0, 0, 79, 0, 0, 0, 0, 0, 0, 17, 96
"c:\Users\Tochi\Documents\webtoolsClone\webtools\codemirror\mode\tiki\tiki.css", "CSS", 0, 0, 0, 0, 22, 0, 0, 0, 0, 0, 4, 26
"c:\Users\Tochi\Documents\webtoolsClone\webtools\codemirror\mode\tiki\tiki.js", "JavaScript", 0, 0, 274, 0, 0, 0, 0, 0, 0, 9, 30, 313
"c:\Users\Tochi\Documents\webtoolsClone\webtools\codemirror\mode\toml\index.html", "HTML", 0, 0, 0, 61, 0, 0, 0, 0, 0, 0, 13, 74
"c:\Users\Tochi\Documents\webtoolsClone\webtools\codemirror\mode\toml\toml.js", "JavaScript", 0, 0, 79, 0, 0, 0, 0, 0, 0, 5, 5, 89
"c:\Users\Tochi\Documents\webtoolsClone\webtools\codemirror\mode\tornado\index.html", "HTML", 0, 0, 0, 56, 0, 0, 0, 0, 0, 0, 8, 64
"c:\Users\Tochi\Documents\webtoolsClone\webtools\codemirror\mode\tornado\tornado.js", "JavaScript", 0, 0, 61, 0, 0, 0, 0, 0, 0, 2, 6, 69
"c:\Users\Tochi\Documents\webtoolsClone\webtools\codemirror\mode\troff\index.html", "HTML", 0, 0, 0, 136, 0, 0, 0, 0, 0, 0, 11, 147
"c:\Users\Tochi\Documents\webtoolsClone\webtools\codemirror\mode\troff\troff.js", "JavaScript", 0, 0, 72, 0, 0, 0, 0, 0, 0, 2, 11, 85
"c:\Users\Tochi\Documents\webtoolsClone\webtools\codemirror\mode\ttcn-cfg\index.html", "HTML", 0, 0, 0, 97, 0, 0, 0, 0, 0, 0, 20, 117
"c:\Users\Tochi\Documents\webtoolsClone\webtools\codemirror\mode\ttcn-cfg\ttcn-cfg.js", "JavaScript", 0, 0, 197, 0, 0, 0, 0, 0, 0, 4, 13, 214
"c:\Users\Tochi\Documents\webtoolsClone\webtools\codemirror\mode\ttcn\index.html", "HTML", 0, 0, 0, 102, 0, 0, 0, 0, 0, 0, 18, 120
"c:\Users\Tochi\Documents\webtoolsClone\webtools\codemirror\mode\ttcn\ttcn.js", "JavaScript", 0, 0, 249, 0, 0, 0, 0, 0, 0, 4, 31, 284
"c:\Users\Tochi\Documents\webtoolsClone\webtools\codemirror\mode\turtle\index.html", "HTML", 0, 0, 0, 43, 0, 0, 0, 0, 0, 0, 9, 52
"c:\Users\Tochi\Documents\webtoolsClone\webtools\codemirror\mode\turtle\turtle.js", "JavaScript", 0, 0, 142, 0, 0, 0, 0, 0, 0, 2, 19, 163
"c:\Users\Tochi\Documents\webtoolsClone\webtools\codemirror\mode\twig\index.html", "HTML", 0, 0, 0, 43, 0, 0, 0, 0, 0, 0, 5, 48
"c:\Users\Tochi\Documents\webtoolsClone\webtools\codemirror\mode\twig\twig.js", "JavaScript", 0, 0, 124, 0, 0, 0, 0, 0, 0, 8, 10, 142
"c:\Users\Tochi\Documents\webtoolsClone\webtools\codemirror\mode\vb\index.html", "HTML", 0, 0, 0, 45, 0, 0, 0, 0, 0, 0, 5, 50
"c:\Users\Tochi\Documents\webtoolsClone\webtools\codemirror\mode\vb\vb.js", "JavaScript", 0, 0, 210, 0, 0, 0, 0, 0, 0, 19, 47, 276
"c:\Users\Tochi\Documents\webtoolsClone\webtools\codemirror\mode\vbscript\index.html", "HTML", 0, 0, 0, 44, 0, 0, 0, 0, 0, 0, 12, 56
"c:\Users\Tochi\Documents\webtoolsClone\webtools\codemirror\mode\vbscript\vbscript.js", "JavaScript", 0, 0, 255, 0, 0, 0, 0, 0, 0, 34, 62, 351
"c:\Users\Tochi\Documents\webtoolsClone\webtools\codemirror\mode\velocity\index.html", "HTML", 0, 0, 0, 94, 0, 0, 0, 0, 0, 0, 27, 121
"c:\Users\Tochi\Documents\webtoolsClone\webtools\codemirror\mode\velocity\velocity.js", "JavaScript", 0, 0, 174, 0, 0, 0, 0, 0, 0, 17, 12, 203
"c:\Users\Tochi\Documents\webtoolsClone\webtools\codemirror\mode\verilog\index.html", "HTML", 0, 0, 0, 99, 0, 0, 0, 0, 0, 0, 22, 121
"c:\Users\Tochi\Documents\webtoolsClone\webtools\codemirror\mode\verilog\test.js", "JavaScript", 0, 0, 309, 0, 0, 0, 0, 0, 0, 91, 44, 444
"c:\Users\Tochi\Documents\webtoolsClone\webtools\codemirror\mode\verilog\verilog.js", "JavaScript", 0, 0, 598, 0, 0, 0, 0, 0, 0, 126, 58, 782
"c:\Users\Tochi\Documents\webtoolsClone\webtools\codemirror\mode\vhdl\index.html", "HTML", 0, 0, 0, 80, 0, 0, 0, 0, 0, 0, 16, 96
"c:\Users\Tochi\Documents\webtoolsClone\webtools\codemirror\mode\vhdl\vhdl.js", "JavaScript", 0, 0, 168, 0, 0, 0, 0, 0, 0, 4, 18, 190
"c:\Users\Tochi\Documents\webtoolsClone\webtools\codemirror\mode\vue\index.html", "HTML", 0, 0, 0, 59, 0, 0, 0, 0, 0, 0, 11, 70
"c:\Users\Tochi\Documents\webtoolsClone\webtools\codemirror\mode\vue\vue.js", "JavaScript", 0, 0, 71, 0, 0, 0, 0, 0, 0, 2, 5, 78
"c:\Users\Tochi\Documents\webtoolsClone\webtools\codemirror\mode\wast\index.html", "HTML", 0, 0, 0, 63, 0, 0, 0, 0, 0, 0, 11, 74
"c:\Users\Tochi\Documents\webtoolsClone\webtools\codemirror\mode\wast\test.js", "JavaScript", 0, 0, 410, 0, 0, 0, 0, 0, 0, 2, 13, 425
"c:\Users\Tochi\Documents\webtoolsClone\webtools\codemirror\mode\wast\wast.js", "JavaScript", 0, 0, 116, 0, 0, 0, 0, 0, 0, 8, 9, 133
"c:\Users\Tochi\Documents\webtoolsClone\webtools\codemirror\mode\webidl\index.html", "HTML", 0, 0, 0, 61, 0, 0, 0, 0, 0, 0, 11, 72
"c:\Users\Tochi\Documents\webtoolsClone\webtools\codemirror\mode\webidl\webidl.js", "JavaScript", 0, 0, 153, 0, 0, 0, 0, 0, 0, 16, 27, 196
"c:\Users\Tochi\Documents\webtoolsClone\webtools\codemirror\mode\xml\index.html", "HTML", 0, 0, 0, 56, 0, 0, 0, 0, 0, 0, 6, 62
"c:\Users\Tochi\Documents\webtoolsClone\webtools\codemirror\mode\xml\test.js", "JavaScript", 0, 0, 37, 0, 0, 0, 0, 0, 0, 3, 12, 52
"c:\Users\Tochi\Documents\webtoolsClone\webtools\codemirror\mode\xml\xml.js", "JavaScript", 0, 0, 385, 0, 0, 0, 0, 0, 0, 5, 28, 418
"c:\Users\Tochi\Documents\webtoolsClone\webtools\codemirror\mode\xquery\index.html", "HTML", 0, 0, 0, 185, 0, 0, 0, 0, 0, 0, 27, 212
"c:\Users\Tochi\Documents\webtoolsClone\webtools\codemirror\mode\xquery\test.js", "JavaScript", 0, 0, 50, 0, 0, 0, 0, 0, 0, 6, 12, 68
"c:\Users\Tochi\Documents\webtoolsClone\webtools\codemirror\mode\xquery\xquery.js", "JavaScript", 0, 0, 331, 0, 0, 0, 0, 0, 0, 58, 60, 449
"c:\Users\Tochi\Documents\webtoolsClone\webtools\codemirror\mode\yacas\index.html", "HTML", 0, 0, 0, 67, 0, 0, 0, 0, 0, 0, 21, 88
"c:\Users\Tochi\Documents\webtoolsClone\webtools\codemirror\mode\yacas\yacas.js", "JavaScript", 0, 0, 150, 0, 0, 0, 0, 0, 0, 19, 36, 205
"c:\Users\Tochi\Documents\webtoolsClone\webtools\codemirror\mode\yaml-frontmatter\index.html", "HTML", 0, 0, 0, 94, 0, 0, 0, 0, 0, 0, 28, 122
"c:\Users\Tochi\Documents\webtoolsClone\webtools\codemirror\mode\yaml-frontmatter\yaml-frontmatter.js", "JavaScript", 0, 0, 64, 0, 0, 0, 0, 0, 0, 3, 6, 73
"c:\Users\Tochi\Documents\webtoolsClone\webtools\codemirror\mode\yaml\index.html", "HTML", 0, 0, 0, 69, 0, 0, 0, 0, 0, 0, 12, 81
"c:\Users\Tochi\Documents\webtoolsClone\webtools\codemirror\mode\yaml\yaml.js", "JavaScript", 0, 0, 92, 0, 0, 0, 0, 0, 0, 16, 13, 121
"c:\Users\Tochi\Documents\webtoolsClone\webtools\codemirror\mode\z80\index.html", "HTML", 0, 0, 0, 44, 0, 0, 0, 0, 0, 0, 10, 54
"c:\Users\Tochi\Documents\webtoolsClone\webtools\codemirror\mode\z80\z80.js", "JavaScript", 0, 0, 99, 0, 0, 0, 0, 0, 0, 2, 16, 117
"c:\Users\Tochi\Documents\webtoolsClone\webtools\codemirror\package.json", "JSON", 52, 0, 0, 0, 0, 0, 0, 0, 0, 0, 1, 53
"c:\Users\Tochi\Documents\webtoolsClone\webtools\codemirror\rollup.config.js", "JavaScript", 0, 0, 43, 0, 0, 0, 0, 0, 0, 6, 4, 53
"c:\Users\Tochi\Documents\webtoolsClone\webtools\codemirror\src\addon\runmode\codemirror-standalone.js", "JavaScript", 0, 0, 14, 0, 0, 0, 0, 0, 0, 4, 7, 25
"c:\Users\Tochi\Documents\webtoolsClone\webtools\codemirror\src\addon\runmode\codemirror.node.js", "JavaScript", 0, 0, 13, 0, 0, 0, 0, 0, 0, 3, 6, 22
"c:\Users\Tochi\Documents\webtoolsClone\webtools\codemirror\src\addon\runmode\runmode-standalone.js", "JavaScript", 0, 0, 2, 0, 0, 0, 0, 0, 0, 0, 0, 2
"c:\Users\Tochi\Documents\webtoolsClone\webtools\codemirror\src\addon\runmode\runmode.node.js", "JavaScript", 0, 0, 2, 0, 0, 0, 0, 0, 0, 0, 0, 2
"c:\Users\Tochi\Documents\webtoolsClone\webtools\codemirror\src\codemirror.js", "JavaScript", 0, 0, 2, 0, 0, 0, 0, 0, 0, 0, 2, 4
"c:\Users\Tochi\Documents\webtoolsClone\webtools\codemirror\src\display\Display.js", "JavaScript", 0, 0, 60, 0, 0, 0, 0, 0, 0, 39, 18, 117
"c:\Users\Tochi\Documents\webtoolsClone\webtools\codemirror\src\display\focus.js", "JavaScript", 0, 0, 42, 0, 0, 0, 0, 0, 0, 3, 6, 51
"c:\Users\Tochi\Documents\webtoolsClone\webtools\codemirror\src\display\gutters.js", "JavaScript", 0, 0, 39, 0, 0, 0, 0, 0, 0, 2, 4, 45
"c:\Users\Tochi\Documents\webtoolsClone\webtools\codemirror\src\display\highlight_worker.js", "JavaScript", 0, 0, 49, 0, 0, 0, 0, 0, 0, 1, 6, 56
"c:\Users\Tochi\Documents\webtoolsClone\webtools\codemirror\src\display\line_numbers.js", "JavaScript", 0, 0, 40, 0, 0, 0, 0, 0, 0, 5, 4, 49
"c:\Users\Tochi\Documents\webtoolsClone\webtools\codemirror\src\display\mode_state.js", "JavaScript", 0, 0, 17, 0, 0, 0, 0, 0, 0, 1, 5, 23
"c:\Users\Tochi\Documents\webtoolsClone\webtools\codemirror\src\display\operations.js", "JavaScript", 0, 0, 158, 0, 0, 0, 0, 0, 0, 22, 27, 207
"c:\Users\Tochi\Documents\webtoolsClone\webtools\codemirror\src\display\scroll_events.js", "JavaScript", 0, 0, 88, 0, 0, 0, 0, 0, 0, 34, 11, 133
"c:\Users\Tochi\Documents\webtoolsClone\webtools\codemirror\src\display\scrollbars.js", "JavaScript", 0, 0, 156, 0, 0, 0, 0, 0, 0, 14, 25, 195
"c:\Users\Tochi\Documents\webtoolsClone\webtools\codemirror\src\display\scrolling.js", "JavaScript", 0, 0, 143, 0, 0, 0, 0, 0, 0, 26, 18, 187
"c:\Users\Tochi\Documents\webtoolsClone\webtools\codemirror\src\display\selection.js", "JavaScript", 0, 0, 151, 0, 0, 0, 0, 0, 0, 4, 19, 174
"c:\Users\Tochi\Documents\webtoolsClone\webtools\codemirror\src\display\update_display.js", "JavaScript", 0, 0, 212, 0, 0, 0, 0, 0, 0, 25, 31, 268
"c:\Users\Tochi\Documents\webtoolsClone\webtools\codemirror\src\display\update_line.js", "JavaScript", 0, 0, 163, 0, 0, 0, 0, 0, 0, 13, 14, 190
"c:\Users\Tochi\Documents\webtoolsClone\webtools\codemirror\src\display\update_lines.js", "JavaScript", 0, 0, 67, 0, 0, 0, 0, 0, 0, 11, 5, 83
"c:\Users\Tochi\Documents\webtoolsClone\webtools\codemirror\src\display\view_tracking.js", "JavaScript", 0, 0, 129, 0, 0, 0, 0, 0, 0, 13, 12, 154
"c:\Users\Tochi\Documents\webtoolsClone\webtools\codemirror\src\edit\CodeMirror.js", "JavaScript", 0, 0, 175, 0, 0, 0, 0, 0, 0, 19, 24, 218
"c:\Users\Tochi\Documents\webtoolsClone\webtools\codemirror\src\edit\commands.js", "JavaScript", 0, 0, 166, 0, 0, 0, 0, 0, 0, 9, 4, 179
"c:\Users\Tochi\Documents\webtoolsClone\webtools\codemirror\src\edit\deleteNearSelection.js", "JavaScript", 0, 0, 24, 0, 0, 0, 0, 0, 0, 5, 2, 31
"c:\Users\Tochi\Documents\webtoolsClone\webtools\codemirror\src\edit\drop_events.js", "JavaScript", 0, 0, 114, 0, 0, 0, 0, 0, 0, 9, 8, 131
"c:\Users\Tochi\Documents\webtoolsClone\webtools\codemirror\src\edit\fromTextArea.js", "JavaScript", 0, 0, 53, 0, 0, 0, 0, 0, 0, 3, 6, 62
"c:\Users\Tochi\Documents\webtoolsClone\webtools\codemirror\src\edit\global_events.js", "JavaScript", 0, 0, 35, 0, 0, 0, 0, 0, 0, 7, 4, 46
"c:\Users\Tochi\Documents\webtoolsClone\webtools\codemirror\src\edit\key_events.js", "JavaScript", 0, 0, 130, 0, 0, 0, 0, 0, 0, 14, 20, 164
"c:\Users\Tochi\Documents\webtoolsClone\webtools\codemirror\src\edit\legacy.js", "JavaScript", 0, 0, 60, 0, 0, 0, 0, 0, 0, 0, 3, 63
"c:\Users\Tochi\Documents\webtoolsClone\webtools\codemirror\src\edit\main.js", "JavaScript", 0, 0, 37, 0, 0, 0, 0, 0, 0, 9, 24, 70
"c:\Users\Tochi\Documents\webtoolsClone\webtools\codemirror\src\edit\methods.js", "JavaScript", 0, 0, 482, 0, 0, 0, 0, 0, 0, 23, 51, 556
"c:\Users\Tochi\Documents\webtoolsClone\webtools\codemirror\src\edit\mouse_events.js", "JavaScript", 0, 0, 345, 0, 0, 0, 0, 0, 0, 31, 42, 418
"c:\Users\Tochi\Documents\webtoolsClone\webtools\codemirror\src\edit\options.js", "JavaScript", 0, 0, 171, 0, 0, 0, 0, 0, 0, 3, 21, 195
"c:\Users\Tochi\Documents\webtoolsClone\webtools\codemirror\src\edit\utils.js", "JavaScript", 0, 0, 6, 0, 0, 0, 0, 0, 0, 0, 2, 8
"c:\Users\Tochi\Documents\webtoolsClone\webtools\codemirror\src\input\ContentEditableInput.js", "JavaScript", 0, 0, 478, 0, 0, 0, 0, 0, 0, 13, 56, 547
"c:\Users\Tochi\Documents\webtoolsClone\webtools\codemirror\src\input\TextareaInput.js", "JavaScript", 0, 0, 286, 0, 0, 0, 0, 0, 0, 48, 47, 381
"c:\Users\Tochi\Documents\webtoolsClone\webtools\codemirror\src\input\indent.js", "JavaScript", 0, 0, 58, 0, 0, 0, 0, 0, 0, 9, 5, 72
"c:\Users\Tochi\Documents\webtoolsClone\webtools\codemirror\src\input\input.js", "JavaScript", 0, 0, 110, 0, 0, 0, 0, 0, 0, 11, 14, 135
"c:\Users\Tochi\Documents\webtoolsClone\webtools\codemirror\src\input\keymap.js", "JavaScript", 0, 0, 119, 0, 0, 0, 0, 0, 0, 15, 14, 148
"c:\Users\Tochi\Documents\webtoolsClone\webtools\codemirror\src\input\keynames.js", "JavaScript", 0, 0, 13, 0, 0, 0, 0, 0, 0, 3, 2, 18
"c:\Users\Tochi\Documents\webtoolsClone\webtools\codemirror\src\input\movement.js", "JavaScript", 0, 0, 85, 0, 0, 0, 0, 0, 0, 14, 13, 112
"c:\Users\Tochi\Documents\webtoolsClone\webtools\codemirror\src\line\highlight.js", "JavaScript", 0, 0, 235, 0, 0, 0, 0, 0, 0, 25, 25, 285
"c:\Users\Tochi\Documents\webtoolsClone\webtools\codemirror\src\line\line_data.js", "JavaScript", 0, 0, 281, 0, 0, 0, 0, 0, 0, 42, 27, 350
"c:\Users\Tochi\Documents\webtoolsClone\webtools\codemirror\src\line\pos.js", "JavaScript", 0, 0, 30, 0, 0, 0, 0, 0, 0, 5, 6, 41
"c:\Users\Tochi\Documents\webtoolsClone\webtools\codemirror\src\line\saw_special_spans.js", "JavaScript", 0, 0, 7, 0, 0, 0, 0, 0, 0, 1, 3, 11
"c:\Users\Tochi\Documents\webtoolsClone\webtools\codemirror\src\line\spans.js", "JavaScript", 0, 0, 308, 0, 0, 0, 0, 0, 0, 53, 30, 391
"c:\Users\Tochi\Documents\webtoolsClone\webtools\codemirror\src\line\utils_line.js", "JavaScript", 0, 0, 68, 0, 0, 0, 0, 0, 0, 10, 8, 86
"c:\Users\Tochi\Documents\webtoolsClone\webtools\codemirror\src\measurement\position_measurement.js", "JavaScript", 0, 0, 527, 0, 0, 0, 0, 0, 0, 119, 57, 703
"c:\Users\Tochi\Documents\webtoolsClone\webtools\codemirror\src\measurement\widgets.js", "JavaScript", 0, 0, 23, 0, 0, 0, 0, 0, 0, 1, 3, 27
"c:\Users\Tochi\Documents\webtoolsClone\webtools\codemirror\src\model\Doc.js", "JavaScript", 0, 0, 393, 0, 0, 0, 0, 0, 0, 9, 35, 437
"c:\Users\Tochi\Documents\webtoolsClone\webtools\codemirror\src\model\change_measurement.js", "JavaScript", 0, 0, 48, 0, 0, 0, 0, 0, 0, 6, 8, 62
"c:\Users\Tochi\Documents\webtoolsClone\webtools\codemirror\src\model\changes.js", "JavaScript", 0, 0, 267, 0, 0, 0, 0, 0, 0, 31, 42, 340
"c:\Users\Tochi\Documents\webtoolsClone\webtools\codemirror\src\model\chunk.js", "JavaScript", 0, 0, 131, 0, 0, 0, 0, 0, 0, 22, 15, 168
"c:\Users\Tochi\Documents\webtoolsClone\webtools\codemirror\src\model\document_data.js", "JavaScript", 0, 0, 92, 0, 0, 0, 0, 0, 0, 10, 11, 113
"c:\Users\Tochi\Documents\webtoolsClone\webtools\codemirror\src\model\history.js", "JavaScript", 0, 0, 171, 0, 0, 0, 0, 0, 0, 38, 20, 229
"c:\Users\Tochi\Documents\webtoolsClone\webtools\codemirror\src\model\line_widget.js", "JavaScript", 0, 0, 71, 0, 0, 0, 0, 0, 0, 1, 7, 79
"c:\Users\Tochi\Documents\webtoolsClone\webtools\codemirror\src\model\mark_text.js", "JavaScript", 0, 0, 234, 0, 0, 0, 0, 0, 0, 34, 26, 294
"c:\Users\Tochi\Documents\webtoolsClone\webtools\codemirror\src\model\selection.js", "JavaScript", 0, 0, 66, 0, 0, 0, 0, 0, 0, 8, 11, 85
"c:\Users\Tochi\Documents\webtoolsClone\webtools\codemirror\src\model\selection_updates.js", "JavaScript", 0, 0, 167, 0, 0, 0, 0, 0, 0, 23, 27, 217
"c:\Users\Tochi\Documents\webtoolsClone\webtools\codemirror\src\modes.js", "JavaScript", 0, 0, 74, 0, 0, 0, 0, 0, 0, 12, 11, 97
"c:\Users\Tochi\Documents\webtoolsClone\webtools\codemirror\src\util\StringStream.js", "JavaScript", 0, 0, 82, 0, 0, 0, 0, 0, 0, 3, 6, 91
"c:\Users\Tochi\Documents\webtoolsClone\webtools\codemirror\src\util\bidi.js", "JavaScript", 0, 0, 139, 0, 0, 0, 0, 0, 0, 57, 20, 216
"c:\Users\Tochi\Documents\webtoolsClone\webtools\codemirror\src\util\browser.js", "JavaScript", 0, 0, 27, 0, 0, 0, 0, 0, 0, 4, 4, 35
"c:\Users\Tochi\Documents\webtoolsClone\webtools\codemirror\src\util\dom.js", "JavaScript", 0, 0, 85, 0, 0, 0, 0, 0, 0, 4, 13, 102
"c:\Users\Tochi\Documents\webtoolsClone\webtools\codemirror\src\util\event.js", "JavaScript", 0, 0, 79, 0, 0, 0, 0, 0, 0, 10, 15, 104
"c:\Users\Tochi\Documents\webtoolsClone\webtools\codemirror\src\util\feature_detection.js", "JavaScript", 0, 0, 71, 0, 0, 0, 0, 0, 0, 6, 8, 85
"c:\Users\Tochi\Documents\webtoolsClone\webtools\codemirror\src\util\misc.js", "JavaScript", 0, 0, 130, 0, 0, 0, 0, 0, 0, 19, 20, 169
"c:\Users\Tochi\Documents\webtoolsClone\webtools\codemirror\src\util\operation_group.js", "JavaScript", 0, 0, 55, 0, 0, 0, 0, 0, 0, 9, 9, 73
"c:\Users\Tochi\Documents\webtoolsClone\webtools\codemirror\test\annotatescrollbar.js", "JavaScript", 0, 0, 43, 0, 0, 0, 0, 0, 0, 6, 6, 55
"c:\Users\Tochi\Documents\webtoolsClone\webtools\codemirror\test\comment_test.js", "JavaScript", 0, 0, 89, 0, 0, 0, 0, 0, 0, 5, 25, 119
"c:\Users\Tochi\Documents\webtoolsClone\webtools\codemirror\test\contenteditable_test.js", "JavaScript", 0, 0, 96, 0, 0, 0, 0, 0, 0, 0, 15, 111
"c:\Users\Tochi\Documents\webtoolsClone\webtools\codemirror\test\doc_test.js", "JavaScript", 0, 0, 336, 0, 0, 0, 0, 0, 0, 4, 32, 372
"c:\Users\Tochi\Documents\webtoolsClone\webtools\codemirror\test\driver.js", "JavaScript", 0, 0, 134, 0, 0, 0, 0, 0, 0, 3, 8, 145
"c:\Users\Tochi\Documents\webtoolsClone\webtools\codemirror\test\emacs_test.js", "JavaScript", 0, 0, 132, 0, 0, 0, 0, 0, 0, 0, 27, 159
"c:\Users\Tochi\Documents\webtoolsClone\webtools\codemirror\test\html-hint-test.js", "JavaScript", 0, 0, 73, 0, 0, 0, 0, 0, 0, 3, 8, 84
"c:\Users\Tochi\Documents\webtoolsClone\webtools\codemirror\test\index.html", "HTML", 0, 0, 0, 272, 0, 0, 0, 0, 0, 1, 18, 291
"c:\Users\Tochi\Documents\webtoolsClone\webtools\codemirror\test\lint.js", "JavaScript", 0, 0, 18, 0, 0, 0, 0, 0, 0, 0, 4, 22
"c:\Users\Tochi\Documents\webtoolsClone\webtools\codemirror\test\mode_test.css", "CSS", 0, 0, 0, 0, 19, 0, 0, 0, 0, 0, 5, 24
"c:\Users\Tochi\Documents\webtoolsClone\webtools\codemirror\test\mode_test.js", "JavaScript", 0, 0, 158, 0, 0, 0, 0, 0, 0, 22, 14, 194
"c:\Users\Tochi\Documents\webtoolsClone\webtools\codemirror\test\multi_test.js", "JavaScript", 0, 0, 274, 0, 0, 0, 0, 0, 0, 0, 22, 296
"c:\Users\Tochi\Documents\webtoolsClone\webtools\codemirror\test\run.js", "JavaScript", 0, 0, 37, 0, 0, 0, 0, 0, 0, 0, 5, 42
"c:\Users\Tochi\Documents\webtoolsClone\webtools\codemirror\test\scroll_test.js", "JavaScript", 0, 0, 111, 0, 0, 0, 0, 0, 0, 0, 16, 127
"c:\Users\Tochi\Documents\webtoolsClone\webtools\codemirror\test\search_test.js", "JavaScript", 0, 0, 79, 0, 0, 0, 0, 0, 0, 0, 13, 92
"c:\Users\Tochi\Documents\webtoolsClone\webtools\codemirror\test\sql-hint-test.js", "JavaScript", 0, 0, 270, 0, 0, 0, 0, 0, 0, 2, 30, 302
"c:\Users\Tochi\Documents\webtoolsClone\webtools\codemirror\test\sublime_test.js", "JavaScript", 0, 0, 267, 0, 0, 0, 0, 0, 0, 0, 29, 296
"c:\Users\Tochi\Documents\webtoolsClone\webtools\codemirror\test\test.js", "JavaScript", 0, 0, 2372, 0, 0, 0, 0, 0, 0, 84, 223, 2679
"c:\Users\Tochi\Documents\webtoolsClone\webtools\codemirror\theme\3024-day.css", "CSS", 0, 0, 0, 0, 24, 0, 0, 0, 0, 9, 9, 42
"c:\Users\Tochi\Documents\webtoolsClone\webtools\codemirror\theme\3024-night.css", "CSS", 0, 0, 0, 0, 24, 0, 0, 0, 0, 9, 7, 40
"c:\Users\Tochi\Documents\webtoolsClone\webtools\codemirror\theme\abbott.css", "CSS", 0, 0, 0, 0, 130, 0, 0, 0, 0, 97, 42, 269
"c:\Users\Tochi\Documents\webtoolsClone\webtools\codemirror\theme\abcdef.css", "CSS", 0, 0, 0, 0, 30, 0, 0, 0, 0, 0, 3, 33
"c:\Users\Tochi\Documents\webtoolsClone\webtools\codemirror\theme\ambiance-mobile.css", "CSS", 0, 0, 0, 0, 5, 0, 0, 0, 0, 0, 1, 6
"c:\Users\Tochi\Documents\webtoolsClone\webtools\codemirror\theme\ambiance.css", "CSS", 0, 0, 0, 0, 58, 0, 0, 0, 0, 3, 14, 75
"c:\Users\Tochi\Documents\webtoolsClone\webtools\codemirror\theme\ayu-dark.css", "CSS", 0, 0, 0, 0, 37, 0, 0, 0, 0, 1, 7, 45
"c:\Users\Tochi\Documents\webtoolsClone\webtools\codemirror\theme\ayu-mirage.css", "CSS", 0, 0, 0, 0, 38, 0, 0, 0, 0, 1, 7, 46
"c:\Users\Tochi\Documents\webtoolsClone\webtools\codemirror\theme\base16-dark.css", "CSS", 0, 0, 0, 0, 26, 0, 0, 0, 0, 9, 6, 41
"c:\Users\Tochi\Documents\webtoolsClone\webtools\codemirror\theme\base16-light.css", "CSS", 0, 0, 0, 0, 24, 0, 0, 0, 0, 9, 6, 39
"c:\Users\Tochi\Documents\webtoolsClone\webtools\codemirror\theme\bespin.css", "CSS", 0, 0, 0, 0, 20, 0, 0, 0, 0, 9, 6, 35
"c:\Users\Tochi\Documents\webtoolsClone\webtools\codemirror\theme\blackboard.css", "CSS", 0, 0, 0, 0, 28, 0, 0, 0, 0, 1, 4, 33
"c:\Users\Tochi\Documents\webtoolsClone\webtools\codemirror\theme\cobalt.css", "CSS", 0, 0, 0, 0, 23, 0, 0, 0, 0, 0, 3, 26
"c:\Users\Tochi\Documents\webtoolsClone\webtools\codemirror\theme\colorforth.css", "CSS", 0, 0, 0, 0, 27, 0, 0, 0, 0, 0, 7, 34
"c:\Users\Tochi\Documents\webtoolsClone\webtools\codemirror\theme\darcula.css", "CSS", 0, 0, 0, 0, 43, 0, 0, 0, 0, 4, 7, 54
"c:\Users\Tochi\Documents\webtoolsClone\webtools\codemirror\theme\dracula.css", "CSS", 0, 0, 0, 0, 29, 0, 0, 0, 0, 8, 4, 41
"c:\Users\Tochi\Documents\webtoolsClone\webtools\codemirror\theme\duotone-dark.css", "CSS", 0, 0, 0, 0, 19, 0, 0, 0, 0, 9, 8, 36
"c:\Users\Tochi\Documents\webtoolsClone\webtools\codemirror\theme\duotone-light.css", "CSS", 0, 0, 0, 0, 18, 0, 0, 0, 0, 10, 9, 37
"c:\Users\Tochi\Documents\webtoolsClone\webtools\codemirror\theme\eclipse.css", "CSS", 0, 0, 0, 0, 22, 0, 0, 0, 0, 0, 2, 24
"c:\Users\Tochi\Documents\webtoolsClone\webtools\codemirror\theme\elegant.css", "CSS", 0, 0, 0, 0, 12, 0, 0, 0, 0, 0, 2, 14
"c:\Users\Tochi\Documents\webtoolsClone\webtools\codemirror\theme\erlang-dark.css", "CSS", 0, 0, 0, 0, 32, 0, 0, 0, 0, 0, 3, 35
"c:\Users\Tochi\Documents\webtoolsClone\webtools\codemirror\theme\gruvbox-dark.css", "CSS", 0, 0, 0, 0, 26, 0, 0, 0, 0, 8, 6, 40
"c:\Users\Tochi\Documents\webtoolsClone\webtools\codemirror\theme\hopscotch.css", "CSS", 0, 0, 0, 0, 20, 0, 0, 0, 0, 9, 6, 35
"c:\Users\Tochi\Documents\webtoolsClone\webtools\codemirror\theme\icecoder.css", "CSS", 0, 0, 0, 0, 30, 0, 0, 0, 0, 3, 11, 44
"c:\Users\Tochi\Documents\webtoolsClone\webtools\codemirror\theme\idea.css", "CSS", 0, 0, 0, 0, 32, 0, 0, 0, 0, 4, 6, 42
"c:\Users\Tochi\Documents\webtoolsClone\webtools\codemirror\theme\isotope.css", "CSS", 0, 0, 0, 0, 20, 0, 0, 0, 0, 9, 6, 35
"c:\Users\Tochi\Documents\webtoolsClone\webtools\codemirror\theme\juejin.css", "CSS", 0, 0, 0, 0, 30, 0, 0, 0, 0, 0, 1, 31
"c:\Users\Tochi\Documents\webtoolsClone\webtools\codemirror\theme\lesser-dark.css", "CSS", 0, 0, 0, 0, 39, 0, 0, 0, 0, 4, 5, 48
"c:\Users\Tochi\Documents\webtoolsClone\webtools\codemirror\theme\liquibyte.css", "CSS", 0, 0, 0, 0, 84, 0, 0, 0, 0, 4, 8, 96
"c:\Users\Tochi\Documents\webtoolsClone\webtools\codemirror\theme\lucario.css", "CSS", 0, 0, 0, 0, 29, 0, 0, 0, 0, 6, 3, 38
"c:\Users\Tochi\Documents\webtoolsClone\webtools\codemirror\theme\material-darker.css", "CSS", 0, 0, 0, 0, 100, 0, 0, 0, 0, 5, 30, 135
"c:\Users\Tochi\Documents\webtoolsClone\webtools\codemirror\theme\material-ocean.css", "CSS", 0, 0, 0, 0, 106, 0, 0, 0, 0, 5, 31, 142
"c:\Users\Tochi\Documents\webtoolsClone\webtools\codemirror\theme\material-palenight.css", "CSS", 0, 0, 0, 0, 106, 0, 0, 0, 0, 5, 31, 142
"c:\Users\Tochi\Documents\webtoolsClone\webtools\codemirror\theme\material.css", "CSS", 0, 0, 0, 0, 106, 0, 0, 0, 0, 5, 31, 142
"c:\Users\Tochi\Documents\webtoolsClone\webtools\codemirror\theme\mbo.css", "CSS", 0, 0, 0, 0, 27, 0, 0, 0, 0, 5, 6, 38
"c:\Users\Tochi\Documents\webtoolsClone\webtools\codemirror\theme\mdn-like.css", "CSS", 0, 0, 0, 0, 31, 0, 0, 0, 0, 9, 7, 47
"c:\Users\Tochi\Documents\webtoolsClone\webtools\codemirror\theme\midnight.css", "CSS", 0, 0, 0, 0, 30, 0, 0, 0, 0, 2, 8, 40
"c:\Users\Tochi\Documents\webtoolsClone\webtools\codemirror\theme\monokai.css", "CSS", 0, 0, 0, 0, 34, 0, 0, 0, 0, 1, 7, 42
"c:\Users\Tochi\Documents\webtoolsClone\webtools\codemirror\theme\moxer.css", "CSS", 0, 0, 0, 0, 105, 0, 0, 0, 0, 5, 33, 143
"c:\Users\Tochi\Documents\webtoolsClone\webtools\codemirror\theme\neat.css", "CSS", 0, 0, 0, 0, 11, 0, 0, 0, 0, 0, 2, 13
"c:\Users\Tochi\Documents\webtoolsClone\webtools\codemirror\theme\neo.css", "CSS", 0, 0, 0, 0, 31, 0, 0, 0, 0, 3, 10, 44
"c:\Users\Tochi\Documents\webtoolsClone\webtools\codemirror\theme\night.css", "CSS", 0, 0, 0, 0, 23, 0, 0, 0, 0, 1, 4, 28
"c:\Users\Tochi\Documents\webtoolsClone\webtools\codemirror\theme\nord.css", "CSS", 0, 0, 0, 0, 34, 0, 0, 0, 0, 2, 7, 43
"c:\Users\Tochi\Documents\webtoolsClone\webtools\codemirror\theme\oceanic-next.css", "CSS", 0, 0, 0, 0, 33, 0, 0, 0, 0, 8, 6, 47
"c:\Users\Tochi\Documents\webtoolsClone\webtools\codemirror\theme\panda-syntax.css", "CSS", 0, 0, 0, 0, 75, 0, 0, 0, 0, 5, 6, 86
"c:\Users\Tochi\Documents\webtoolsClone\webtools\codemirror\theme\paraiso-dark.css", "CSS", 0, 0, 0, 0, 24, 0, 0, 0, 0, 9, 6, 39
"c:\Users\Tochi\Documents\webtoolsClone\webtools\codemirror\theme\paraiso-light.css", "CSS", 0, 0, 0, 0, 24, 0, 0, 0, 0, 9, 6, 39
"c:\Users\Tochi\Documents\webtoolsClone\webtools\codemirror\theme\pastel-on-dark.css", "CSS", 0, 0, 0, 0, 42, 0, 0, 0, 0, 8, 3, 53
"c:\Users\Tochi\Documents\webtoolsClone\webtools\codemirror\theme\railscasts.css", "CSS", 0, 0, 0, 0, 20, 0, 0, 0, 0, 9, 6, 35
"c:\Users\Tochi\Documents\webtoolsClone\webtools\codemirror\theme\rubyblue.css", "CSS", 0, 0, 0, 0, 23, 0, 0, 0, 0, 0, 3, 26
"c:\Users\Tochi\Documents\webtoolsClone\webtools\codemirror\theme\seti.css", "CSS", 0, 0, 0, 0, 34, 0, 0, 0, 0, 8, 3, 45
"c:\Users\Tochi\Documents\webtoolsClone\webtools\codemirror\theme\shadowfox.css", "CSS", 0, 0, 0, 0, 35, 0, 0, 0, 0, 8, 10, 53
"c:\Users\Tochi\Documents\webtoolsClone\webtools\codemirror\theme\solarized.css", "CSS", 0, 0, 0, 0, 117, 0, 0, 0, 0, 19, 30, 166
"c:\Users\Tochi\Documents\webtoolsClone\webtools\codemirror\theme\ssms.css", "CSS", 0, 0, 0, 0, 15, 0, 0, 0, 0, 0, 2, 17
"c:\Users\Tochi\Documents\webtoolsClone\webtools\codemirror\theme\the-matrix.css", "CSS", 0, 0, 0, 0, 28, 0, 0, 0, 0, 0, 3, 31
"c:\Users\Tochi\Documents\webtoolsClone\webtools\codemirror\theme\tomorrow-night-bright.css", "CSS", 0, 0, 0, 0, 22, 0, 0, 0, 0, 8, 6, 36
"c:\Users\Tochi\Documents\webtoolsClone\webtools\codemirror\theme\tomorrow-night-eighties.css", "CSS", 0, 0, 0, 0, 24, 0, 0, 0, 0, 9, 6, 39
"c:\Users\Tochi\Documents\webtoolsClone\webtools\codemirror\theme\ttcn.css", "CSS", 0, 0, 0, 0, 56, 0, 0, 0, 0, 3, 6, 65
"c:\Users\Tochi\Documents\webtoolsClone\webtools\codemirror\theme\twilight.css", "CSS", 0, 0, 0, 0, 29, 0, 0, 0, 0, 0, 4, 33
"c:\Users\Tochi\Documents\webtoolsClone\webtools\codemirror\theme\vibrant-ink.css", "CSS", 0, 0, 0, 0, 29, 0, 0, 0, 0, 1, 5, 35
"c:\Users\Tochi\Documents\webtoolsClone\webtools\codemirror\theme\xq-dark.css", "CSS", 0, 0, 0, 0, 29, 0, 0, 0, 0, 22, 3, 54
"c:\Users\Tochi\Documents\webtoolsClone\webtools\codemirror\theme\xq-light.css", "CSS", 0, 0, 0, 0, 20, 0, 0, 0, 0, 22, 2, 44
"c:\Users\Tochi\Documents\webtoolsClone\webtools\codemirror\theme\yeti.css", "CSS", 0, 0, 0, 0, 33, 0, 0, 0, 0, 8, 4, 45
"c:\Users\Tochi\Documents\webtoolsClone\webtools\codemirror\theme\yonce.css", "CSS", 0, 0, 0, 0, 47, 0, 0, 0, 0, 8, 5, 60
"c:\Users\Tochi\Documents\webtoolsClone\webtools\codemirror\theme\zenburn.css", "CSS", 0, 0, 0, 0, 27, 0, 0, 0, 0, 9, 2, 38
"c:\Users\Tochi\Documents\webtoolsClone\webtools\community\generateTabs.php", "PHP", 0, 30, 0, 0, 0, 0, 0, 0, 0, 0, 4, 34
"c:\Users\Tochi\Documents\webtoolsClone\webtools\community\index.php", "PHP", 0, 723, 0, 0, 0, 0, 0, 0, 0, 10, 131, 864
"c:\Users\Tochi\Documents\webtoolsClone\webtools\community\loggedIn.php", "PHP", 0, 0, 0, 0, 0, 0, 0, 0, 0, 0, 1, 1
"c:\Users\Tochi\Documents\webtoolsClone\webtools\community\loggedOut.php", "PHP", 0, 0, 0, 0, 0, 0, 0, 0, 0, 0, 1, 1
"c:\Users\Tochi\Documents\webtoolsClone\webtools\community\projectCard.php", "PHP", 0, 0, 0, 0, 0, 0, 0, 0, 0, 0, 1, 1
"c:\Users\Tochi\Documents\webtoolsClone\webtools\config.json", "JSON", 3, 0, 0, 0, 0, 0, 0, 0, 0, 0, 0, 3
"c:\Users\Tochi\Documents\webtoolsClone\webtools\delete.php", "PHP", 0, 20, 0, 0, 0, 0, 0, 0, 0, 82, 1, 103
"c:\Users\Tochi\Documents\webtoolsClone\webtools\docs\index.php", "PHP", 0, 904, 0, 0, 0, 0, 0, 0, 0, 20, 62, 986
"c:\Users\Tochi\Documents\webtoolsClone\webtools\docs\navbar.php", "PHP", 0, 50, 0, 0, 0, 0, 0, 0, 0, 0, 10, 60
"c:\Users\Tochi\Documents\webtoolsClone\webtools\edit.php", "PHP", 0, 88, 0, 0, 0, 0, 0, 0, 0, 4, 14, 106
"c:\Users\Tochi\Documents\webtoolsClone\webtools\embed\directory\index.php", "PHP", 0, 11, 0, 0, 0, 0, 0, 0, 0, 0, 1, 12
"c:\Users\Tochi\Documents\webtoolsClone\webtools\get_params.php", "PHP", 0, 5, 0, 0, 0, 0, 0, 0, 0, 3, 3, 11
"c:\Users\Tochi\Documents\webtoolsClone\webtools\gio.php", "PHP", 0, 0, 0, 0, 0, 0, 0, 0, 0, 0, 1, 1
"c:\Users\Tochi\Documents\webtoolsClone\webtools\head.php", "PHP", 0, 4, 0, 0, 0, 0, 0, 0, 0, 0, 2, 6
"c:\Users\Tochi\Documents\webtoolsClone\webtools\headcode.php", "PHP", 0, 186, 0, 0, 0, 0, 0, 0, 0, 1, 15, 202
"c:\Users\Tochi\Documents\webtoolsClone\webtools\ide.php", "PHP", 0, 2395, 0, 0, 0, 0, 0, 0, 0, 101, 368, 2864
"c:\Users\Tochi\Documents\webtoolsClone\webtools\index.php", "PHP", 0, 118, 0, 0, 0, 0, 0, 0, 0, 0, 10, 128
"c:\Users\Tochi\Documents\webtoolsClone\webtools\is_logged.php", "PHP", 0, 7, 0, 0, 0, 0, 0, 0, 0, 2, 2, 11
"c:\Users\Tochi\Documents\webtoolsClone\webtools\jsServe.php", "PHP", 0, 12, 0, 0, 0, 0, 0, 0, 0, 7, 9, 28
"c:\Users\Tochi\Documents\webtoolsClone\webtools\libraries\chartjs.php", "PHP", 0, 1, 0, 0, 0, 0, 0, 0, 0, 0, 0, 1
"c:\Users\Tochi\Documents\webtoolsClone\webtools\libraries\gsap.php", "PHP", 0, 1, 0, 0, 0, 0, 0, 0, 0, 0, 1, 2
"c:\Users\Tochi\Documents\webtoolsClone\webtools\libraries\jquery.php", "PHP", 0, 1, 0, 0, 0, 0, 0, 0, 0, 0, 0, 1
"c:\Users\Tochi\Documents\webtoolsClone\webtools\libraries\libraries.json", "JSON", 7, 0, 0, 0, 0, 0, 0, 0, 0, 0, 1, 8
"c:\Users\Tochi\Documents\webtoolsClone\webtools\libraries\react.php", "PHP", 0, 2, 0, 0, 0, 0, 0, 0, 0, 0, 0, 2
"c:\Users\Tochi\Documents\webtoolsClone\webtools\libraries\three.php", "PHP", 0, 2, 0, 0, 0, 0, 0, 0, 0, 0, 0, 2
"c:\Users\Tochi\Documents\webtoolsClone\webtools\log4javascript.js", "JavaScript", 0, 0, 3679, 0, 0, 0, 0, 0, 0, 15, 2, 3696
"c:\Users\Tochi\Documents\webtoolsClone\webtools\login.php", "PHP", 0, 415, 0, 0, 0, 0, 0, 0, 0, 4, 24, 443
"c:\Users\Tochi\Documents\webtoolsClone\webtools\logout.php", "PHP", 0, 10, 0, 0, 0, 0, 0, 0, 0, 2, 1, 13
"c:\Users\Tochi\Documents\webtoolsClone\webtools\modules.php", "PHP", 0, 112, 0, 0, 0, 0, 0, 0, 0, 0, 18, 130
"c:\Users\Tochi\Documents\webtoolsClone\webtools\navbar.php", "PHP", 0, 51, 0, 0, 0, 0, 0, 0, 0, 0, 13, 64
"c:\Users\Tochi\Documents\webtoolsClone\webtools\new_script.php", "PHP", 0, 21, 0, 0, 0, 0, 0, 0, 0, 0, 6, 27
"c:\Users\Tochi\Documents\webtoolsClone\webtools\p5.js", "JavaScript", 0, 0, 1, 0, 0, 0, 0, 0, 0, 1, 0, 2
"c:\Users\Tochi\Documents\webtoolsClone\webtools\package-lock.json", "JSON", 1869, 0, 0, 0, 0, 0, 0, 0, 0, 0, 1, 1870
"c:\Users\Tochi\Documents\webtoolsClone\webtools\package.json", "JSON", 5, 0, 0, 0, 0, 0, 0, 0, 0, 0, 1, 6
"c:\Users\Tochi\Documents\webtoolsClone\webtools\pages\1.php", "PHP", 0, 12, 0, 0, 0, 0, 0, 0, 0, 0, 0, 12
"c:\Users\Tochi\Documents\webtoolsClone\webtools\pages\darknessByTochi.php", "PHP", 0, 11, 0, 0, 0, 0, 0, 0, 0, 0, 1, 12
"c:\Users\Tochi\Documents\webtoolsClone\webtools\pages\darknessByTochi\index.html", "HTML", 0, 0, 0, 14, 0, 0, 0, 0, 0, 0, 0, 14
"c:\Users\Tochi\Documents\webtoolsClone\webtools\pages\darknessByTochi\script.js", "JavaScript", 0, 0, 46, 0, 0, 0, 0, 0, 0, 0, 0, 46
"c:\Users\Tochi\Documents\webtoolsClone\webtools\pages\darknessByTochi\style.css", "CSS", 0, 0, 0, 0, 0, 0, 0, 0, 0, 0, 1, 1
"c:\Users\Tochi\Documents\webtoolsClone\webtools\pages\index.html", "HTML", 0, 0, 0, 0, 0, 0, 0, 0, 0, 0, 1, 1
"c:\Users\Tochi\Documents\webtoolsClone\webtools\para\api\paraphrase\index.php", "PHP", 0, 69, 0, 0, 0, 0, 0, 0, 0, 1, 12, 82
"c:\Users\Tochi\Documents\webtoolsClone\webtools\para\index.php", "PHP", 0, 106, 0, 0, 0, 0, 0, 0, 0, 0, 13, 119
"c:\Users\Tochi\Documents\webtoolsClone\webtools\payload.cs", "C#", 0, 0, 0, 0, 0, 0, 20, 0, 0, 5, 6, 31
"c:\Users\Tochi\Documents\webtoolsClone\webtools\phpLibs\js-min.php", "PHP", 0, 219, 0, 0, 0, 0, 0, 0, 0, 118, 49, 386
"c:\Users\Tochi\Documents\webtoolsClone\webtools\play.php", "PHP", 0, 150, 0, 0, 0, 0, 0, 0, 0, 5, 12, 167
"c:\Users\Tochi\Documents\webtoolsClone\webtools\private_docs\ide.php", "PHP", 0, 6, 0, 0, 0, 0, 0, 0, 0, 0, 5, 11
"c:\Users\Tochi\Documents\webtoolsClone\webtools\private_docs\webtools_index.php", "PHP", 0, 9, 0, 0, 0, 0, 0, 0, 0, 0, 8, 17
"c:\Users\Tochi\Documents\webtoolsClone\webtools\profile.php", "PHP", 0, 138, 0, 0, 0, 0, 0, 0, 0, 1, 18, 157
"c:\Users\Tochi\Documents\webtoolsClone\webtools\redirect.php", "PHP", 0, 3, 0, 0, 0, 0, 0, 0, 0, 0, 1, 4
"c:\Users\Tochi\Documents\webtoolsClone\webtools\register.php", "PHP", 0, 150, 0, 0, 0, 0, 0, 0, 0, 13, 18, 181
"c:\Users\Tochi\Documents\webtoolsClone\webtools\script.js", "JavaScript", 0, 0, 13, 0, 0, 0, 0, 0, 0, 4, 2, 19
"c:\Users\Tochi\Documents\webtoolsClone\webtools\scripts.php", "PHP", 0, 1143, 0, 0, 0, 0, 0, 0, 0, 12, 237, 1392
"c:\Users\Tochi\Documents\webtoolsClone\webtools\scriptsv2.php", "PHP", 0, 0, 0, 0, 0, 0, 0, 0, 0, 0, 1, 1
"c:\Users\Tochi\Documents\webtoolsClone\webtools\securityCode.php", "PHP", 0, 8, 0, 0, 0, 0, 0, 0, 0, 0, 0, 8
"c:\Users\Tochi\Documents\webtoolsClone\webtools\signature.php", "PHP", 0, 9, 0, 0, 0, 0, 0, 0, 0, 0, 0, 9
"c:\Users\Tochi\Documents\webtoolsClone\webtools\spam.php", "PHP", 0, 44, 0, 0, 0, 0, 0, 0, 0, 2, 14, 60
"c:\Users\Tochi\Documents\webtoolsClone\webtools\style.css", "CSS", 0, 0, 0, 0, 49, 0, 0, 0, 0, 0, 7, 56
"c:\Users\Tochi\Documents\webtoolsClone\webtools\test_suite\all_libraries.php", "PHP", 0, 13, 0, 0, 0, 0, 0, 0, 0, 1, 4, 18
"c:\Users\Tochi\Documents\webtoolsClone\webtools\test_suite\default.php", "PHP", 0, 46, 0, 0, 0, 0, 0, 0, 0, 0, 6, 52
"c:\Users\Tochi\Documents\webtoolsClone\webtools\test_suite\edit.php", "PHP", 0, 45, 0, 0, 0, 0, 0, 0, 0, 9, 2, 56
"c:\Users\Tochi\Documents\webtoolsClone\webtools\test_suite\index.php", "PHP", 0, 14, 0, 0, 0, 0, 0, 0, 0, 0, 0, 14
"c:\Users\Tochi\Documents\webtoolsClone\webtools\tiktok.php", "PHP", 0, 1009, 0, 0, 0, 0, 0, 0, 0, 0, 0, 1009
"c:\Users\Tochi\Documents\webtoolsClone\webtools\user_assets\image.php", "PHP", 0, 52, 0, 0, 0, 0, 0, 0, 0, 3, 5, 60
"c:\Users\Tochi\Documents\webtoolsClone\webtools\user_assets\imgPreview.php", "PHP", 0, 119, 0, 0, 0, 0, 0, 0, 0, 12, 9, 140
"c:\Users\Tochi\Documents\webtoolsClone\webtools\user_assets\index.php", "PHP", 0, 1185, 0, 0, 0, 0, 0, 0, 0, 37, 177, 1399
"c:\Users\Tochi\Documents\webtoolsClone\webtools\user_assets\test.json", "JSON", 17, 0, 0, 0, 0, 0, 0, 0, 0, 0, 0, 17
"c:\Users\Tochi\Documents\webtoolsClone\webtools\user_assets\user_verification.php", "PHP", 0, 13, 0, 0, 0, 0, 0, 0, 0, 5, 5, 23
"c:\Users\Tochi\Documents\webtoolsClone\webtools\user_assets\video.php", "PHP", 0, 77, 0, 0, 0, 0, 0, 0, 0, 11, 12, 100
"c:\Users\Tochi\Documents\webtoolsClone\webtools\user_verification.php", "PHP", 0, 13, 0, 0, 0, 0, 0, 0, 0, 5, 5, 23
"c:\Users\Tochi\Documents\webtoolsClone\webtools\versionModules.php", "PHP", 0, 60, 0, 0, 0, 0, 0, 0, 0, 0, 12, 72
"c:\Users\Tochi\Documents\webtoolsClone\webtools\versionTagColors.php", "PHP", 0, 22, 0, 0, 0, 0, 0, 0, 0, 10, 19, 51
"c:\Users\Tochi\Documents\webtoolsClone\webtools\versions.php", "PHP", 0, 2028, 0, 0, 0, 0, 0, 0, 0, 16, 290, 2334
"c:\Users\Tochi\Documents\webtoolsClone\webtools\webtools\index.php", "PHP", 0, 102, 0, 0, 0, 0, 0, 0, 0, 54, 6, 162
"c:\Users\Tochi\Documents\webtoolsClone\webtools\x.js", "JavaScript", 0, 0, 586, 0, 0, 0, 0, 0, 0, 16, 68, 670
"c:\Users\Tochi\Documents\webtoolsClone\webtools\x.json", "JSON", 3, 0, 0, 0, 0, 0, 0, 0, 0, 0, 0, 3
"c:\Users\Tochi\Documents\webtoolsClone\webtools\x\index.html", "HTML", 0, 0, 0, 104, 0, 0, 0, 0, 0, 0, 14, 118
"c:\Users\Tochi\Documents\webtoolsClone\webtools\x\index.js", "JavaScript", 0, 0, 48, 0, 0, 0, 0, 0, 0, 0, 6, 54
"c:\Users\Tochi\Documents\webtoolsClone\webtools\x\manifest.json", "JSON", 24, 0, 0, 0, 0, 0, 0, 0, 0, 0, 1, 25
"c:\Users\Tochi\Documents\webtoolsClone\webtools\x\x.js", "JavaScript", 0, 0, 1, 0, 0, 0, 0, 0, 0, 0, 0, 1
"Total", "-", 1980, 13457, 72181, 23756, 3484, 1394, 20, 34, 5, 9009, 17588, 142908